Driver,LapNumber,LapTime,Compound,TyreLife,Stint,PitInTime,PitOutTime,TrackStatus,IsAccurate,LapTimeSeconds
VER,1.0,0 days 00:01:27.905000,MEDIUM,1.0,1.0,,,1,False,87.905
VER,2.0,0 days 00:01:26.163000,MEDIUM,2.0,1.0,,,1,True,86.163
VER,3.0,0 days 00:01:25.702000,MEDIUM,3.0,1.0,,,1,True,85.702
VER,4.0,0 days 00:01:26.050000,MEDIUM,4.0,1.0,,,1,True,86.05
VER,5.0,0 days 00:01:26.176000,MEDIUM,5.0,1.0,,,1,True,86.176
VER,6.0,0 days 00:01:26.837000,MEDIUM,6.0,1.0,,,1,True,86.837
VER,7.0,0 days 00:01:26.368000,MEDIUM,7.0,1.0,,,1,True,86.368
VER,8.0,0 days 00:01:25.990000,MEDIUM,8.0,1.0,,,1,True,85.99
VER,9.0,0 days 00:01:26.605000,MEDIUM,9.0,1.0,,,1,True,86.605
VER,10.0,0 days 00:01:26.603000,MEDIUM,10.0,1.0,,,1,True,86.603
VER,11.0,0 days 00:01:26.643000,MEDIUM,11.0,1.0,,,1,True,86.643
VER,12.0,0 days 00:01:26.442000,MEDIUM,12.0,1.0,,,1,True,86.442
VER,13.0,0 days 00:01:26.666000,MEDIUM,13.0,1.0,,,1,True,86.666
VER,14.0,0 days 00:01:27.028000,MEDIUM,14.0,1.0,,,1,True,87.028
VER,15.0,0 days 00:01:26.782000,MEDIUM,15.0,1.0,,,1,True,86.782
VER,16.0,0 days 00:01:26.718000,MEDIUM,16.0,1.0,,,1,True,86.718
VER,17.0,0 days 00:01:26.733000,MEDIUM,17.0,1.0,,,1,True,86.733
VER,18.0,0 days 00:01:26.273000,MEDIUM,18.0,1.0,,,1,True,86.273
VER,19.0,0 days 00:01:26.438000,MEDIUM,19.0,1.0,,,1,True,86.438
VER,20.0,0 days 00:01:30.849000,MEDIUM,20.0,1.0,0 days 01:51:13.003000,,1,False,90.849
VER,21.0,0 days 00:01:45.660000,HARD,1.0,2.0,,0 days 01:51:37.284000,1,False,105.66
VER,22.0,0 days 00:01:25.885000,HARD,2.0,2.0,,,1,True,85.885
VER,23.0,0 days 00:01:26.159000,HARD,3.0,2.0,,,1,True,86.159
VER,24.0,0 days 00:01:26.327000,HARD,4.0,2.0,,,1,True,86.327
VER,25.0,0 days 00:01:25.914000,HARD,5.0,2.0,,,1,True,85.914
VER,26.0,0 days 00:01:25.786000,HARD,6.0,2.0,,,1,True,85.786
VER,27.0,0 days 00:01:25.501000,HARD,7.0,2.0,,,1,True,85.501
VER,28.0,0 days 00:01:25.434000,HARD,8.0,2.0,,,1,True,85.434
VER,29.0,0 days 00:01:25.471000,HARD,9.0,2.0,,,1,True,85.471
VER,30.0,0 days 00:01:25.398000,HARD,10.0,2.0,,,1,True,85.398
VER,31.0,0 days 00:01:25.502000,HARD,11.0,2.0,,,1,True,85.502
VER,32.0,0 days 00:01:25.410000,HARD,12.0,2.0,,,1,True,85.41
VER,33.0,0 days 00:01:25.240000,HARD,13.0,2.0,,,1,True,85.24
VER,34.0,0 days 00:01:25.683000,HARD,14.0,2.0,,,1,True,85.683
VER,35.0,0 days 00:01:25.815000,HARD,15.0,2.0,,,1,True,85.815
VER,36.0,0 days 00:01:25.598000,HARD,16.0,2.0,,,1,True,85.598
VER,37.0,0 days 00:01:25.683000,HARD,17.0,2.0,,,1,True,85.683
VER,38.0,0 days 00:01:25.585000,HARD,18.0,2.0,,,1,True,85.585
VER,39.0,0 days 00:01:25.486000,HARD,19.0,2.0,,,1,True,85.486
VER,40.0,0 days 00:01:25.901000,HARD,20.0,2.0,,,1,True,85.901
VER,41.0,0 days 00:01:25.779000,HARD,21.0,2.0,,,1,True,85.779
VER,42.0,0 days 00:01:25.912000,HARD,22.0,2.0,,,1,True,85.912
VER,43.0,0 days 00:01:25.994000,HARD,23.0,2.0,,,1,True,85.994
VER,44.0,0 days 00:01:25.751000,HARD,24.0,2.0,,,1,True,85.751
VER,45.0,0 days 00:01:25.916000,HARD,25.0,2.0,,,1,True,85.916
VER,46.0,0 days 00:01:26.185000,HARD,26.0,2.0,,,1,True,86.185
VER,47.0,0 days 00:01:26.137000,HARD,27.0,2.0,,,1,True,86.137
VER,48.0,0 days 00:01:27.235000,HARD,28.0,2.0,,,1,True,87.235
VER,49.0,0 days 00:01:27.907000,HARD,29.0,2.0,,,1,True,87.907
VER,50.0,0 days 00:01:28.393000,HARD,30.0,2.0,,,1,True,88.393
VER,51.0,0 days 00:01:27.525000,HARD,31.0,2.0,,,1,True,87.525
GAS,1.0,0 days 00:01:35.974000,MEDIUM,1.0,1.0,,,1,False,95.974
GAS,2.0,0 days 00:01:28.696000,MEDIUM,2.0,1.0,,,1,True,88.696
GAS,3.0,0 days 00:01:27.916000,MEDIUM,3.0,1.0,,,1,True,87.916
GAS,4.0,0 days 00:01:27.472000,MEDIUM,4.0,1.0,,,1,True,87.472
GAS,5.0,0 days 00:01:27.694000,MEDIUM,5.0,1.0,,,1,True,87.694
GAS,6.0,0 days 00:01:27.324000,MEDIUM,6.0,1.0,,,1,True,87.324
GAS,7.0,0 days 00:01:27.210000,MEDIUM,7.0,1.0,,,1,True,87.21
GAS,8.0,0 days 00:01:27.240000,MEDIUM,8.0,1.0,,,1,True,87.24
GAS,9.0,0 days 00:01:27.366000,MEDIUM,9.0,1.0,,,1,True,87.366
GAS,10.0,0 days 00:01:32.034000,MEDIUM,10.0,1.0,0 days 01:37:06.997000,,1,False,92.034
GAS,11.0,0 days 00:01:50.170000,HARD,4.0,2.0,,0 days 01:37:34.372000,1,False,110.17
GAS,12.0,0 days 00:01:27.431000,HARD,5.0,2.0,,,1,True,87.431
GAS,13.0,0 days 00:01:27.368000,HARD,6.0,2.0,,,1,True,87.368
GAS,14.0,0 days 00:01:27.348000,HARD,7.0,2.0,,,1,True,87.348
GAS,15.0,0 days 00:01:27.363000,HARD,8.0,2.0,,,1,True,87.363
GAS,16.0,0 days 00:01:27.088000,HARD,9.0,2.0,,,1,True,87.088
GAS,17.0,0 days 00:01:27.076000,HARD,10.0,2.0,,,1,True,87.076
GAS,18.0,0 days 00:01:27.053000,HARD,11.0,2.0,,,1,True,87.053
GAS,19.0,0 days 00:01:27.136000,HARD,12.0,2.0,,,1,True,87.136
GAS,20.0,0 days 00:01:27.035000,HARD,13.0,2.0,,,1,True,87.035
GAS,21.0,0 days 00:01:27.706000,HARD,14.0,2.0,,,1,True,87.706
GAS,22.0,0 days 00:01:27.219000,HARD,15.0,2.0,,,1,True,87.219
GAS,23.0,0 days 00:01:27.454000,HARD,16.0,2.0,,,1,True,87.454
GAS,24.0,0 days 00:01:27.060000,HARD,17.0,2.0,,,1,True,87.06
GAS,25.0,0 days 00:01:27.223000,HARD,18.0,2.0,,,1,True,87.223
GAS,26.0,0 days 00:01:27.590000,HARD,19.0,2.0,,,1,True,87.59
GAS,27.0,0 days 00:01:27.189000,HARD,20.0,2.0,,,1,True,87.189
GAS,28.0,0 days 00:01:27.521000,HARD,21.0,2.0,,,1,True,87.521
GAS,29.0,0 days 00:01:27.383000,HARD,22.0,2.0,,,1,True,87.383
GAS,30.0,0 days 00:01:27.658000,HARD,23.0,2.0,,,1,True,87.658
GAS,31.0,0 days 00:01:32.204000,HARD,24.0,2.0,0 days 02:08:08.289000,,1,False,92.204
GAS,32.0,0 days 00:01:46.720000,MEDIUM,1.0,3.0,,0 days 02:08:32.961000,1,False,106.72
GAS,33.0,0 days 00:01:26.439000,MEDIUM,2.0,3.0,,,1,True,86.439
GAS,34.0,0 days 00:01:26.877000,MEDIUM,3.0,3.0,,,1,True,86.877
GAS,35.0,0 days 00:01:26.903000,MEDIUM,4.0,3.0,,,1,True,86.903
GAS,36.0,0 days 00:01:26.797000,MEDIUM,5.0,3.0,,,1,True,86.797
GAS,37.0,0 days 00:01:26.499000,MEDIUM,6.0,3.0,,,1,True,86.499
GAS,38.0,0 days 00:01:26.357000,MEDIUM,7.0,3.0,,,1,True,86.357
GAS,39.0,0 days 00:01:26.736000,MEDIUM,8.0,3.0,,,1,True,86.736
GAS,40.0,0 days 00:01:26.548000,MEDIUM,9.0,3.0,,,1,True,86.548
GAS,41.0,0 days 00:01:26.346000,MEDIUM,10.0,3.0,,,1,True,86.346
GAS,42.0,0 days 00:01:26.425000,MEDIUM,11.0,3.0,,,1,True,86.425
GAS,43.0,0 days 00:01:25.921000,MEDIUM,12.0,3.0,,,1,True,85.921
GAS,44.0,0 days 00:01:25.758000,MEDIUM,13.0,3.0,,,1,True,85.758
GAS,45.0,0 days 00:01:26.297000,MEDIUM,14.0,3.0,,,1,True,86.297
GAS,46.0,0 days 00:01:26.292000,MEDIUM,15.0,3.0,,,1,True,86.292
GAS,47.0,0 days 00:01:26.144000,MEDIUM,16.0,3.0,,,1,True,86.144
GAS,48.0,0 days 00:01:26.288000,MEDIUM,17.0,3.0,,,1,True,86.288
GAS,49.0,0 days 00:01:27.913000,MEDIUM,18.0,3.0,,,1,True,87.913
GAS,50.0,0 days 00:01:27.375000,MEDIUM,19.0,3.0,,,1,True,87.375
PER,1.0,0 days 00:01:29.806000,MEDIUM,1.0,1.0,,,1,False,89.806
PER,2.0,0 days 00:01:26.881000,MEDIUM,2.0,1.0,,,1,True,86.881
PER,3.0,0 days 00:01:26.143000,MEDIUM,3.0,1.0,,,1,True,86.143
PER,4.0,0 days 00:01:26.019000,MEDIUM,4.0,1.0,,,1,True,86.019
PER,5.0,0 days 00:01:26.354000,MEDIUM,5.0,1.0,,,1,True,86.354
PER,6.0,0 days 00:01:26.465000,MEDIUM,6.0,1.0,,,1,True,86.465
PER,7.0,0 days 00:01:26.333000,MEDIUM,7.0,1.0,,,1,True,86.333
PER,8.0,0 days 00:01:26.887000,MEDIUM,8.0,1.0,,,1,True,86.887
PER,9.0,0 days 00:01:26.564000,MEDIUM,9.0,1.0,,,1,True,86.564
PER,10.0,0 days 00:01:26.454000,MEDIUM,10.0,1.0,,,1,True,86.454
PER,11.0,0 days 00:01:27.245000,MEDIUM,11.0,1.0,,,1,True,87.245
PER,12.0,0 days 00:01:26.968000,MEDIUM,12.0,1.0,,,1,True,86.968
PER,13.0,0 days 00:01:27.014000,MEDIUM,13.0,1.0,,,1,True,87.014
PER,14.0,0 days 00:01:27.451000,MEDIUM,14.0,1.0,,,1,True,87.451
PER,15.0,0 days 00:01:26.779000,MEDIUM,15.0,1.0,,,1,True,86.779
PER,16.0,0 days 00:01:26.823000,MEDIUM,16.0,1.0,,,1,True,86.823
PER,17.0,0 days 00:01:27.011000,MEDIUM,17.0,1.0,,,1,True,87.011
PER,18.0,0 days 00:01:26.765000,MEDIUM,18.0,1.0,,,1,True,86.765
PER,19.0,0 days 00:01:26.669000,MEDIUM,19.0,1.0,,,1,True,86.669
PER,20.0,0 days 00:01:26.509000,MEDIUM,20.0,1.0,,,1,True,86.509
PER,21.0,0 days 00:01:30.934000,MEDIUM,21.0,1.0,0 days 01:52:46.112000,,1,False,90.934
PER,22.0,0 days 00:01:45.228000,HARD,1.0,2.0,,0 days 01:53:09.955000,1,False,105.228
PER,23.0,0 days 00:01:25.564000,HARD,2.0,2.0,,,1,True,85.564
PER,24.0,0 days 00:01:25.759000,HARD,3.0,2.0,,,1,True,85.759
PER,25.0,0 days 00:01:26.005000,HARD,4.0,2.0,,,1,True,86.005
PER,26.0,0 days 00:01:25.884000,HARD,5.0,2.0,,,1,True,85.884
PER,27.0,0 days 00:01:26.456000,HARD,6.0,2.0,,,1,True,86.456
PER,28.0,0 days 00:01:25.584000,HARD,7.0,2.0,,,1,True,85.584
PER,29.0,0 days 00:01:25.606000,HARD,8.0,2.0,,,1,True,85.606
PER,30.0,0 days 00:01:25.757000,HARD,9.0,2.0,,,1,True,85.757
PER,31.0,0 days 00:01:26.415000,HARD,10.0,2.0,,,1,True,86.415
PER,32.0,0 days 00:01:25.880000,HARD,11.0,2.0,,,1,True,85.88
PER,33.0,0 days 00:01:26.020000,HARD,12.0,2.0,,,1,True,86.02
PER,34.0,0 days 00:01:25.948000,HARD,13.0,2.0,,,1,True,85.948
PER,35.0,0 days 00:01:25.651000,HARD,14.0,2.0,,,1,True,85.651
PER,36.0,0 days 00:01:25.627000,HARD,15.0,2.0,,,1,True,85.627
PER,37.0,0 days 00:01:25.757000,HARD,16.0,2.0,,,1,True,85.757
PER,38.0,0 days 00:01:25.584000,HARD,17.0,2.0,,,1,True,85.584
PER,39.0,0 days 00:01:25.522000,HARD,18.0,2.0,,,1,True,85.522
PER,40.0,0 days 00:01:25.626000,HARD,19.0,2.0,,,1,True,85.626
PER,41.0,0 days 00:01:26.719000,HARD,20.0,2.0,,,1,True,86.719
PER,42.0,0 days 00:01:26.539000,HARD,21.0,2.0,,,1,True,86.539
PER,43.0,0 days 00:01:26.624000,HARD,22.0,2.0,,,1,True,86.624
PER,44.0,0 days 00:01:26.329000,HARD,23.0,2.0,,,1,True,86.329
PER,45.0,0 days 00:01:26.573000,HARD,24.0,2.0,,,1,True,86.573
PER,46.0,0 days 00:01:25.598000,HARD,25.0,2.0,,,1,True,85.598
PER,47.0,0 days 00:01:26.476000,HARD,26.0,2.0,,,1,True,86.476
PER,48.0,0 days 00:01:26.108000,HARD,27.0,2.0,,,1,True,86.108
PER,49.0,0 days 00:01:26.006000,HARD,28.0,2.0,,,1,True,86.006
PER,50.0,0 days 00:01:26.385000,HARD,29.0,2.0,,,1,True,86.385
PER,51.0,0 days 00:01:25.903000,HARD,30.0,2.0,,,1,True,85.903
ALO,1.0,0 days 00:01:33.340000,MEDIUM,1.0,1.0,,,1,False,93.34
ALO,2.0,0 days 00:01:28.012000,MEDIUM,2.0,1.0,,,1,True,88.012
ALO,3.0,0 days 00:01:27.546000,MEDIUM,3.0,1.0,,,1,True,87.546
ALO,4.0,0 days 00:01:27.221000,MEDIUM,4.0,1.0,,,1,True,87.221
ALO,5.0,0 days 00:01:27.033000,MEDIUM,5.0,1.0,,,1,True,87.033
ALO,6.0,0 days 00:01:27.175000,MEDIUM,6.0,1.0,,,1,True,87.175
ALO,7.0,0 days 00:01:26.929000,MEDIUM,7.0,1.0,,,1,True,86.929
ALO,8.0,0 days 00:01:26.943000,MEDIUM,8.0,1.0,,,1,True,86.943
ALO,9.0,0 days 00:01:27.383000,MEDIUM,9.0,1.0,,,1,True,87.383
ALO,10.0,0 days 00:01:27.368000,MEDIUM,10.0,1.0,,,1,True,87.368
ALO,11.0,0 days 00:01:27.343000,MEDIUM,11.0,1.0,,,1,True,87.343
ALO,12.0,0 days 00:01:27.339000,MEDIUM,12.0,1.0,,,1,True,87.339
ALO,13.0,0 days 00:01:27.158000,MEDIUM,13.0,1.0,,,1,True,87.158
ALO,14.0,0 days 00:01:27.607000,MEDIUM,14.0,1.0,,,1,True,87.607
ALO,15.0,0 days 00:01:26.929000,MEDIUM,15.0,1.0,,,1,True,86.929
ALO,16.0,0 days 00:01:27.164000,MEDIUM,16.0,1.0,,,1,True,87.164
ALO,17.0,0 days 00:01:27.156000,MEDIUM,17.0,1.0,,,1,True,87.156
ALO,18.0,0 days 00:01:27.275000,MEDIUM,18.0,1.0,,,1,True,87.275
ALO,19.0,0 days 00:01:27.318000,MEDIUM,19.0,1.0,,,1,True,87.318
ALO,20.0,0 days 00:01:28.284000,MEDIUM,20.0,1.0,,,1,True,88.284
ALO,21.0,0 days 00:01:32.377000,MEDIUM,21.0,1.0,0 days 01:53:02.971000,,1,False,92.377
ALO,22.0,0 days 00:01:47.272000,HARD,4.0,2.0,,0 days 01:53:27.799000,1,False,107.272
ALO,23.0,0 days 00:01:26.849000,HARD,5.0,2.0,,,1,True,86.849
ALO,24.0,0 days 00:01:26.949000,HARD,6.0,2.0,,,1,True,86.949
ALO,25.0,0 days 00:01:26.899000,HARD,7.0,2.0,,,1,True,86.899
ALO,26.0,0 days 00:01:26.792000,HARD,8.0,2.0,,,1,True,86.792
ALO,27.0,0 days 00:01:26.666000,HARD,9.0,2.0,,,1,True,86.666
ALO,28.0,0 days 00:01:26.723000,HARD,10.0,2.0,,,1,True,86.723
ALO,29.0,0 days 00:01:26.997000,HARD,11.0,2.0,,,1,True,86.997
ALO,30.0,0 days 00:01:26.915000,HARD,12.0,2.0,,,1,True,86.915
ALO,31.0,0 days 00:01:26.848000,HARD,13.0,2.0,,,1,True,86.848
ALO,32.0,0 days 00:01:26.747000,HARD,14.0,2.0,,,1,True,86.747
ALO,33.0,0 days 00:01:26.769000,HARD,15.0,2.0,,,1,True,86.769
ALO,34.0,0 days 00:01:26.563000,HARD,16.0,2.0,,,1,True,86.563
ALO,35.0,0 days 00:01:26.517000,HARD,17.0,2.0,,,1,True,86.517
ALO,36.0,0 days 00:01:26.457000,HARD,18.0,2.0,,,1,True,86.457
ALO,37.0,0 days 00:01:26.380000,HARD,19.0,2.0,,,1,True,86.38
ALO,38.0,0 days 00:01:26.574000,HARD,20.0,2.0,,,1,True,86.574
ALO,39.0,0 days 00:01:26.707000,HARD,21.0,2.0,,,1,True,86.707
ALO,40.0,0 days 00:01:26.610000,HARD,22.0,2.0,,,1,True,86.61
ALO,41.0,0 days 00:01:26.815000,HARD,23.0,2.0,,,1,True,86.815
ALO,42.0,0 days 00:01:26.403000,HARD,24.0,2.0,,,1,True,86.403
ALO,43.0,0 days 00:01:26.105000,HARD,25.0,2.0,,,1,True,86.105
ALO,44.0,0 days 00:01:26.155000,HARD,26.0,2.0,,,1,True,86.155
ALO,45.0,0 days 00:01:26.277000,HARD,27.0,2.0,,,1,True,86.277
ALO,46.0,0 days 00:01:26.453000,HARD,28.0,2.0,,,1,True,86.453
ALO,47.0,0 days 00:01:26.912000,HARD,29.0,2.0,,,1,True,86.912
ALO,48.0,0 days 00:01:27.183000,HARD,30.0,2.0,,,1,True,87.183
ALO,49.0,0 days 00:01:27.245000,HARD,31.0,2.0,,,1,True,87.245
ALO,50.0,0 days 00:01:27.360000,HARD,32.0,2.0,,,1,True,87.36
ALO,51.0,0 days 00:01:27.395000,HARD,33.0,2.0,,,1,True,87.395
LEC,1.0,0 days 00:01:28.755000,MEDIUM,1.0,1.0,,,1,False,88.755
LEC,2.0,0 days 00:01:26.312000,MEDIUM,2.0,1.0,,,1,True,86.312
LEC,3.0,0 days 00:01:25.719000,MEDIUM,3.0,1.0,,,1,True,85.719
LEC,4.0,0 days 00:01:26.025000,MEDIUM,4.0,1.0,,,1,True,86.025
LEC,5.0,0 days 00:01:26.266000,MEDIUM,5.0,1.0,,,1,True,86.266
LEC,6.0,0 days 00:01:26.483000,MEDIUM,6.0,1.0,,,1,True,86.483
LEC,7.0,0 days 00:01:26.473000,MEDIUM,7.0,1.0,,,1,True,86.473
LEC,8.0,0 days 00:01:25.972000,MEDIUM,8.0,1.0,,,1,True,85.972
LEC,9.0,0 days 00:01:26.678000,MEDIUM,9.0,1.0,,,1,True,86.678
LEC,10.0,0 days 00:01:26.787000,MEDIUM,10.0,1.0,,,1,True,86.787
LEC,11.0,0 days 00:01:26.838000,MEDIUM,11.0,1.0,,,1,True,86.838
LEC,12.0,0 days 00:01:26.694000,MEDIUM,12.0,1.0,,,1,True,86.694
LEC,13.0,0 days 00:01:26.557000,MEDIUM,13.0,1.0,,,1,True,86.557
LEC,14.0,0 days 00:01:26.940000,MEDIUM,14.0,1.0,,,1,True,86.94
LEC,15.0,0 days 00:01:27.314000,MEDIUM,15.0,1.0,,,1,True,87.314
LEC,16.0,0 days 00:01:27.155000,MEDIUM,16.0,1.0,,,1,True,87.155
LEC,17.0,0 days 00:01:27.670000,MEDIUM,17.0,1.0,,,1,True,87.67
LEC,18.0,0 days 00:01:27.498000,MEDIUM,18.0,1.0,,,1,True,87.498
LEC,19.0,0 days 00:01:27.702000,MEDIUM,19.0,1.0,,,1,True,87.702
LEC,20.0,0 days 00:01:31.155000,MEDIUM,20.0,1.0,0 days 01:51:19.066000,,1,False,91.155
LEC,21.0,0 days 00:01:45.842000,HARD,1.0,2.0,,0 days 01:51:42.956000,1,False,105.842
LEC,22.0,0 days 00:01:25.742000,HARD,2.0,2.0,,,1,True,85.742
LEC,23.0,0 days 00:01:25.807000,HARD,3.0,2.0,,,1,True,85.807
LEC,24.0,0 days 00:01:25.933000,HARD,4.0,2.0,,,1,True,85.933
LEC,25.0,0 days 00:01:26.061000,HARD,5.0,2.0,,,1,True,86.061
LEC,26.0,0 days 00:01:25.763000,HARD,6.0,2.0,,,1,True,85.763
LEC,27.0,0 days 00:01:26.234000,HARD,7.0,2.0,,,1,True,86.234
LEC,28.0,0 days 00:01:25.663000,HARD,8.0,2.0,,,1,True,85.663
LEC,29.0,0 days 00:01:25.814000,HARD,9.0,2.0,,,1,True,85.814
LEC,30.0,0 days 00:01:25.782000,HARD,10.0,2.0,,,1,True,85.782
LEC,31.0,0 days 00:01:26.496000,HARD,11.0,2.0,,,1,True,86.496
LEC,32.0,0 days 00:01:26.869000,HARD,12.0,2.0,,,1,True,86.869
LEC,33.0,0 days 00:01:25.962000,HARD,13.0,2.0,,,1,True,85.962
LEC,34.0,0 days 00:01:25.851000,HARD,14.0,2.0,,,1,True,85.851
LEC,35.0,0 days 00:01:25.850000,HARD,15.0,2.0,,,1,True,85.85
LEC,36.0,0 days 00:01:25.631000,HARD,16.0,2.0,,,1,True,85.631
LEC,37.0,0 days 00:01:25.671000,HARD,17.0,2.0,,,1,True,85.671
LEC,38.0,0 days 00:01:25.580000,HARD,18.0,2.0,,,1,True,85.58
LEC,39.0,0 days 00:01:25.629000,HARD,19.0,2.0,,,1,True,85.629
LEC,40.0,0 days 00:01:25.728000,HARD,20.0,2.0,,,1,True,85.728
LEC,41.0,0 days 00:01:26.511000,HARD,21.0,2.0,,,1,True,86.511
LEC,42.0,0 days 00:01:26.448000,HARD,22.0,2.0,,,1,True,86.448
LEC,43.0,0 days 00:01:26.597000,HARD,23.0,2.0,,,1,True,86.597
LEC,44.0,0 days 00:01:26.586000,HARD,24.0,2.0,,,1,True,86.586
LEC,45.0,0 days 00:01:26.321000,HARD,25.0,2.0,,,1,True,86.321
LEC,46.0,0 days 00:01:26.580000,HARD,26.0,2.0,,,1,True,86.58
LEC,47.0,0 days 00:01:27.371000,HARD,27.0,2.0,,,1,True,87.371
LEC,48.0,0 days 00:01:26.828000,HARD,28.0,2.0,,,1,True,86.828
LEC,49.0,0 days 00:01:26.633000,HARD,29.0,2.0,,,1,True,86.633
LEC,50.0,0 days 00:01:26.961000,HARD,30.0,2.0,,,1,True,86.961
LEC,51.0,0 days 00:01:26.783000,HARD,31.0,2.0,,,1,True,86.783
STR,1.0,0 days 00:01:36.787000,MEDIUM,1.0,1.0,,,1,False,96.787
STR,2.0,0 days 00:01:28.953000,MEDIUM,2.0,1.0,,,1,True,88.953
STR,3.0,0 days 00:01:28.614000,MEDIUM,3.0,1.0,,,1,True,88.614
STR,4.0,0 days 00:01:27.725000,MEDIUM,4.0,1.0,,,1,True,87.725
STR,5.0,0 days 00:01:27.574000,MEDIUM,5.0,1.0,,,1,True,87.574
STR,6.0,0 days 00:01:27.656000,MEDIUM,6.0,1.0,,,1,True,87.656
STR,7.0,0 days 00:01:27.100000,MEDIUM,7.0,1.0,,,1,True,87.1
STR,8.0,0 days 00:01:27.362000,MEDIUM,8.0,1.0,,,1,True,87.362
STR,9.0,0 days 00:01:27.312000,MEDIUM,9.0,1.0,,,1,True,87.312
STR,10.0,0 days 00:01:27.539000,MEDIUM,10.0,1.0,,,1,True,87.539
STR,11.0,0 days 00:01:27.369000,MEDIUM,11.0,1.0,,,1,True,87.369
STR,12.0,0 days 00:01:27.810000,MEDIUM,12.0,1.0,,,1,True,87.81
STR,13.0,0 days 00:01:28.222000,MEDIUM,13.0,1.0,,,1,True,88.222
STR,14.0,0 days 00:01:28.057000,MEDIUM,14.0,1.0,,,1,True,88.057
STR,15.0,0 days 00:01:28.179000,MEDIUM,15.0,1.0,,,1,True,88.179
STR,16.0,0 days 00:01:28.080000,MEDIUM,16.0,1.0,,,1,True,88.08
STR,17.0,0 days 00:01:27.909000,MEDIUM,17.0,1.0,,,1,True,87.909
STR,18.0,0 days 00:01:28.401000,MEDIUM,18.0,1.0,,,1,True,88.401
STR,19.0,0 days 00:01:28.050000,MEDIUM,19.0,1.0,,,1,True,88.05
STR,20.0,0 days 00:01:33.026000,MEDIUM,20.0,1.0,0 days 01:51:49.784000,,1,False,93.026
STR,21.0,0 days 00:01:48.851000,HARD,5.0,2.0,,0 days 01:52:15.471000,1,False,108.851
STR,22.0,0 days 00:01:26.742000,HARD,6.0,2.0,,,1,True,86.742
STR,23.0,0 days 00:01:26.968000,HARD,7.0,2.0,,,1,True,86.968
STR,24.0,0 days 00:01:27.340000,HARD,8.0,2.0,,,1,True,87.34
STR,25.0,0 days 00:01:27.176000,HARD,9.0,2.0,,,1,True,87.176
STR,26.0,0 days 00:01:27.259000,HARD,10.0,2.0,,,1,True,87.259
STR,27.0,0 days 00:01:26.675000,HARD,11.0,2.0,,,1,True,86.675
STR,28.0,0 days 00:01:27.085000,HARD,12.0,2.0,,,1,True,87.085
STR,29.0,0 days 00:01:26.809000,HARD,13.0,2.0,,,1,True,86.809
STR,30.0,0 days 00:01:26.924000,HARD,14.0,2.0,,,1,True,86.924
STR,31.0,0 days 00:01:26.617000,HARD,15.0,2.0,,,1,True,86.617
STR,32.0,0 days 00:01:26.832000,HARD,16.0,2.0,,,1,True,86.832
STR,33.0,0 days 00:01:27.121000,HARD,17.0,2.0,,,1,True,87.121
STR,34.0,0 days 00:01:27.298000,HARD,18.0,2.0,,,1,True,87.298
STR,35.0,0 days 00:01:26.970000,HARD,19.0,2.0,,,1,True,86.97
STR,36.0,0 days 00:01:27.096000,HARD,20.0,2.0,,,1,True,87.096
STR,37.0,0 days 00:01:27.373000,HARD,21.0,2.0,,,1,True,87.373
STR,38.0,0 days 00:01:26.902000,HARD,22.0,2.0,,,1,True,86.902
STR,39.0,0 days 00:01:26.904000,HARD,23.0,2.0,,,1,True,86.904
STR,40.0,0 days 00:01:27.072000,HARD,24.0,2.0,,,1,True,87.072
STR,41.0,0 days 00:01:26.916000,HARD,25.0,2.0,,,1,True,86.916
STR,42.0,0 days 00:01:27.067000,HARD,26.0,2.0,,,1,True,87.067
STR,43.0,0 days 00:01:31.134000,HARD,27.0,2.0,,,1,True,91.134
STR,44.0,0 days 00:01:28.214000,HARD,28.0,2.0,,,1,True,88.214
STR,45.0,0 days 00:01:28.336000,HARD,29.0,2.0,,,1,True,88.336
STR,46.0,0 days 00:01:27.153000,HARD,30.0,2.0,,,1,True,87.153
STR,47.0,0 days 00:01:27.267000,HARD,31.0,2.0,,,1,True,87.267
STR,48.0,0 days 00:01:27.590000,HARD,32.0,2.0,,,1,True,87.59
STR,49.0,0 days 00:01:29.467000,HARD,33.0,2.0,,,1,True,89.467
STR,50.0,0 days 00:01:30.865000,HARD,34.0,2.0,,,1,True,90.865
SAR,1.0,0 days 00:01:34.407000,MEDIUM,4.0,1.0,,,1,False,94.407
SAR,2.0,0 days 00:01:28.080000,MEDIUM,5.0,1.0,,,1,True,88.08
SAR,3.0,0 days 00:01:27.647000,MEDIUM,6.0,1.0,,,1,True,87.647
SAR,4.0,0 days 00:01:27.389000,MEDIUM,7.0,1.0,,,1,True,87.389
SAR,5.0,0 days 00:01:27.170000,MEDIUM,8.0,1.0,,,1,True,87.17
SAR,6.0,0 days 00:01:27.135000,MEDIUM,9.0,1.0,,,1,True,87.135
SAR,7.0,0 days 00:01:27.251000,MEDIUM,10.0,1.0,,,1,True,87.251
SAR,8.0,0 days 00:01:27.233000,MEDIUM,11.0,1.0,,,1,True,87.233
SAR,9.0,0 days 00:01:27.459000,MEDIUM,12.0,1.0,,,1,True,87.459
SAR,10.0,0 days 00:01:27.685000,MEDIUM,13.0,1.0,,,1,True,87.685
SAR,11.0,0 days 00:01:27.804000,MEDIUM,14.0,1.0,,,1,True,87.804
SAR,12.0,0 days 00:01:28.694000,MEDIUM,15.0,1.0,,,1,True,88.694
SAR,13.0,0 days 00:01:27.799000,MEDIUM,16.0,1.0,,,1,True,87.799
SAR,14.0,0 days 00:01:33.074000,MEDIUM,17.0,1.0,0 days 01:42:56.978000,,1,False,93.074
SAR,15.0,0 days 00:01:47.389000,HARD,4.0,2.0,,0 days 01:43:21.681000,1,False,107.389
SAR,16.0,0 days 00:01:26.840000,HARD,5.0,2.0,,,1,True,86.84
SAR,17.0,0 days 00:01:27,HARD,6.0,2.0,,,1,True,87.0
SAR,18.0,0 days 00:01:26.906000,HARD,7.0,2.0,,,1,True,86.906
SAR,19.0,0 days 00:01:27.165000,HARD,8.0,2.0,,,1,True,87.165
SAR,20.0,0 days 00:01:27.280000,HARD,9.0,2.0,,,1,True,87.28
SAR,21.0,0 days 00:01:27.363000,HARD,10.0,2.0,,,1,True,87.363
SAR,22.0,0 days 00:01:27.465000,HARD,11.0,2.0,,,1,True,87.465
SAR,23.0,0 days 00:01:27.149000,HARD,12.0,2.0,,,1,True,87.149
SAR,24.0,0 days 00:01:27.104000,HARD,13.0,2.0,,,1,True,87.104
SAR,25.0,0 days 00:01:27.165000,HARD,14.0,2.0,,,1,True,87.165
SAR,26.0,0 days 00:01:27.021000,HARD,15.0,2.0,,,1,True,87.021
SAR,27.0,0 days 00:01:27.253000,HARD,16.0,2.0,,,1,True,87.253
SAR,28.0,0 days 00:01:27.546000,HARD,17.0,2.0,,,1,True,87.546
SAR,29.0,0 days 00:01:27.545000,HARD,18.0,2.0,,,1,True,87.545
SAR,30.0,0 days 00:01:27.121000,HARD,19.0,2.0,,,1,True,87.121
SAR,31.0,0 days 00:01:27.461000,HARD,20.0,2.0,,,1,True,87.461
SAR,32.0,0 days 00:01:27.522000,HARD,21.0,2.0,,,1,True,87.522
SAR,33.0,0 days 00:01:27.293000,HARD,22.0,2.0,,,1,True,87.293
SAR,34.0,0 days 00:01:27.219000,HARD,23.0,2.0,,,1,True,87.219
SAR,35.0,0 days 00:01:27.233000,HARD,24.0,2.0,,,1,True,87.233
SAR,36.0,0 days 00:01:27.142000,HARD,25.0,2.0,,,1,True,87.142
SAR,37.0,0 days 00:01:27.292000,HARD,26.0,2.0,,,1,True,87.292
SAR,38.0,0 days 00:01:27.103000,HARD,27.0,2.0,,,1,True,87.103
SAR,39.0,0 days 00:01:27.137000,HARD,28.0,2.0,,,1,True,87.137
SAR,40.0,0 days 00:01:27.640000,HARD,29.0,2.0,,,1,True,87.64
SAR,41.0,0 days 00:01:27.180000,HARD,30.0,2.0,,,1,True,87.18
SAR,42.0,0 days 00:01:27.176000,HARD,31.0,2.0,,,1,True,87.176
SAR,43.0,0 days 00:01:29.385000,HARD,32.0,2.0,,,1,True,89.385
SAR,44.0,0 days 00:01:27.686000,HARD,33.0,2.0,,,1,True,87.686
SAR,45.0,0 days 00:01:27.502000,HARD,34.0,2.0,,,1,True,87.502
SAR,46.0,0 days 00:01:27.709000,HARD,35.0,2.0,,,1,True,87.709
SAR,47.0,0 days 00:01:27.622000,HARD,36.0,2.0,,,1,True,87.622
SAR,48.0,0 days 00:01:27.440000,HARD,37.0,2.0,,,1,True,87.44
SAR,49.0,0 days 00:01:27.742000,HARD,38.0,2.0,,,1,True,87.742
SAR,50.0,0 days 00:01:29.626000,HARD,39.0,2.0,,,1,True,89.626
MAG,1.0,0 days 00:01:36.466000,HARD,5.0,1.0,,,1,False,96.466
MAG,2.0,0 days 00:01:28.923000,HARD,6.0,1.0,,,1,True,88.923
MAG,3.0,0 days 00:01:28.538000,HARD,7.0,1.0,,,1,True,88.538
MAG,4.0,0 days 00:01:29.252000,HARD,8.0,1.0,,,1,True,89.252
MAG,5.0,0 days 00:01:28.276000,HARD,9.0,1.0,,,1,True,88.276
MAG,6.0,0 days 00:01:27.949000,HARD,10.0,1.0,,,1,True,87.949
MAG,7.0,0 days 00:01:27.691000,HARD,11.0,1.0,,,1,True,87.691
MAG,8.0,0 days 00:01:27.935000,HARD,12.0,1.0,,,1,True,87.935
MAG,9.0,0 days 00:01:28.218000,HARD,13.0,1.0,,,1,True,88.218
MAG,10.0,0 days 00:01:28.511000,HARD,14.0,1.0,,,1,True,88.511
MAG,11.0,0 days 00:01:28.792000,HARD,15.0,1.0,,,1,True,88.792
MAG,12.0,0 days 00:01:33.273000,HARD,16.0,1.0,0 days 01:40:11.901000,,1,False,93.273
MAG,13.0,0 days 00:01:48.424000,MEDIUM,1.0,2.0,,0 days 01:40:36.589000,1,False,108.424
MAG,14.0,0 days 00:01:28.080000,MEDIUM,2.0,2.0,,,1,True,88.08
MAG,15.0,0 days 00:01:27.848000,MEDIUM,3.0,2.0,,,1,True,87.848
MAG,16.0,0 days 00:01:27.649000,MEDIUM,4.0,2.0,,,1,True,87.649
MAG,17.0,0 days 00:01:27.589000,MEDIUM,5.0,2.0,,,1,True,87.589
MAG,18.0,0 days 00:01:27.898000,MEDIUM,6.0,2.0,,,1,True,87.898
MAG,19.0,0 days 00:01:27.159000,MEDIUM,7.0,2.0,,,1,True,87.159
MAG,20.0,0 days 00:01:27.011000,MEDIUM,8.0,2.0,,,1,True,87.011
MAG,21.0,0 days 00:01:27.128000,MEDIUM,9.0,2.0,,,1,True,87.128
MAG,22.0,0 days 00:01:27.244000,MEDIUM,10.0,2.0,,,1,True,87.244
MAG,23.0,0 days 00:01:27.492000,MEDIUM,11.0,2.0,,,1,True,87.492
MAG,24.0,0 days 00:01:27.536000,MEDIUM,12.0,2.0,,,1,True,87.536
MAG,25.0,0 days 00:01:27.502000,MEDIUM,13.0,2.0,,,1,True,87.502
MAG,26.0,0 days 00:01:27.418000,MEDIUM,14.0,2.0,,,1,True,87.418
MAG,27.0,0 days 00:01:27.220000,MEDIUM,15.0,2.0,,,1,True,87.22
MAG,28.0,0 days 00:01:27.154000,MEDIUM,16.0,2.0,,,1,True,87.154
MAG,29.0,0 days 00:01:27.344000,MEDIUM,17.0,2.0,,,1,True,87.344
MAG,30.0,0 days 00:01:27.384000,MEDIUM,18.0,2.0,,,1,True,87.384
MAG,31.0,0 days 00:01:27.486000,MEDIUM,19.0,2.0,,,1,True,87.486
MAG,32.0,0 days 00:01:27.556000,MEDIUM,20.0,2.0,,,1,True,87.556
MAG,33.0,0 days 00:01:33.158000,MEDIUM,21.0,2.0,0 days 02:11:15.162000,,1,False,93.158
MAG,34.0,0 days 00:01:47.333000,MEDIUM,1.0,3.0,,0 days 02:11:39.943000,1,False,107.333
MAG,35.0,0 days 00:01:26.300000,MEDIUM,2.0,3.0,,,1,True,86.3
MAG,36.0,0 days 00:01:26.385000,MEDIUM,3.0,3.0,,,1,True,86.385
MAG,37.0,0 days 00:01:26.454000,MEDIUM,4.0,3.0,,,1,True,86.454
MAG,38.0,0 days 00:01:26.394000,MEDIUM,5.0,3.0,,,1,True,86.394
MAG,39.0,0 days 00:01:30.343000,MEDIUM,6.0,3.0,,,1,True,90.343
MAG,40.0,0 days 00:01:26.696000,MEDIUM,7.0,3.0,,,1,True,86.696
MAG,41.0,0 days 00:01:26.328000,MEDIUM,8.0,3.0,,,1,True,86.328
MAG,42.0,0 days 00:01:26.278000,MEDIUM,9.0,3.0,,,1,True,86.278
MAG,43.0,0 days 00:01:26.511000,MEDIUM,10.0,3.0,,,1,True,86.511
MAG,44.0,0 days 00:01:26.514000,MEDIUM,11.0,3.0,,,1,True,86.514
MAG,45.0,0 days 00:01:26.787000,MEDIUM,12.0,3.0,,,1,True,86.787
MAG,46.0,0 days 00:01:26.983000,MEDIUM,13.0,3.0,,,1,True,86.983
MAG,47.0,0 days 00:01:26.660000,MEDIUM,14.0,3.0,,,1,True,86.66
MAG,48.0,0 days 00:01:26.739000,MEDIUM,15.0,3.0,,,1,True,86.739
MAG,49.0,0 days 00:01:27.054000,MEDIUM,16.0,3.0,,,1,True,87.054
MAG,50.0,0 days 00:01:26.904000,MEDIUM,17.0,3.0,,,1,True,86.904
ALB,1.0,0 days 00:01:30.785000,MEDIUM,4.0,1.0,,,1,False,90.785
ALB,2.0,0 days 00:01:27.067000,MEDIUM,5.0,1.0,,,1,True,87.067
ALB,3.0,0 days 00:01:26.578000,MEDIUM,6.0,1.0,,,1,True,86.578
ALB,4.0,0 days 00:01:26.684000,MEDIUM,7.0,1.0,,,1,True,86.684
ALB,5.0,0 days 00:01:26.868000,MEDIUM,8.0,1.0,,,1,True,86.868
ALB,6.0,0 days 00:01:26.661000,MEDIUM,9.0,1.0,,,1,True,86.661
ALB,7.0,0 days 00:01:26.773000,MEDIUM,10.0,1.0,,,1,True,86.773
ALB,8.0,0 days 00:01:26.676000,MEDIUM,11.0,1.0,,,1,True,86.676
ALB,9.0,0 days 00:01:26.838000,MEDIUM,12.0,1.0,,,1,True,86.838
ALB,10.0,0 days 00:01:27.305000,MEDIUM,13.0,1.0,,,1,True,87.305
ALB,11.0,0 days 00:01:27.389000,MEDIUM,14.0,1.0,,,1,True,87.389
ALB,12.0,0 days 00:01:27.533000,MEDIUM,15.0,1.0,,,1,True,87.533
ALB,13.0,0 days 00:01:27.676000,MEDIUM,16.0,1.0,,,1,True,87.676
ALB,14.0,0 days 00:01:27.723000,MEDIUM,17.0,1.0,,,1,True,87.723
ALB,15.0,0 days 00:01:32.301000,MEDIUM,18.0,1.0,0 days 01:44:13.149000,,1,False,92.301
ALB,16.0,0 days 00:01:47.605000,HARD,4.0,2.0,,0 days 01:44:37.492000,1,False,107.605
ALB,17.0,0 days 00:01:27.087000,HARD,5.0,2.0,,,1,True,87.087
ALB,18.0,0 days 00:01:26.893000,HARD,6.0,2.0,,,1,True,86.893
ALB,19.0,0 days 00:01:27.308000,HARD,7.0,2.0,,,1,True,87.308
ALB,20.0,0 days 00:01:26.853000,HARD,8.0,2.0,,,1,True,86.853
ALB,21.0,0 days 00:01:26.601000,HARD,9.0,2.0,,,1,True,86.601
ALB,22.0,0 days 00:01:26.833000,HARD,10.0,2.0,,,1,True,86.833
ALB,23.0,0 days 00:01:26.913000,HARD,11.0,2.0,,,1,True,86.913
ALB,24.0,0 days 00:01:26.748000,HARD,12.0,2.0,,,1,True,86.748
ALB,25.0,0 days 00:01:26.898000,HARD,13.0,2.0,,,1,True,86.898
ALB,26.0,0 days 00:01:27.049000,HARD,14.0,2.0,,,1,True,87.049
ALB,27.0,0 days 00:01:26.735000,HARD,15.0,2.0,,,1,True,86.735
ALB,28.0,0 days 00:01:27.024000,HARD,16.0,2.0,,,1,True,87.024
ALB,29.0,0 days 00:01:26.977000,HARD,17.0,2.0,,,1,True,86.977
ALB,30.0,0 days 00:01:26.940000,HARD,18.0,2.0,,,1,True,86.94
ALB,31.0,0 days 00:01:26.735000,HARD,19.0,2.0,,,1,True,86.735
ALB,32.0,0 days 00:01:26.432000,HARD,20.0,2.0,,,1,True,86.432
ALB,33.0,0 days 00:01:26.389000,HARD,21.0,2.0,,,1,True,86.389
ALB,34.0,0 days 00:01:26.579000,HARD,22.0,2.0,,,1,True,86.579
ALB,35.0,0 days 00:01:26.545000,HARD,23.0,2.0,,,1,True,86.545
ALB,36.0,0 days 00:01:26.981000,HARD,24.0,2.0,,,1,True,86.981
ALB,37.0,0 days 00:01:26.831000,HARD,25.0,2.0,,,1,True,86.831
ALB,38.0,0 days 00:01:27.370000,HARD,26.0,2.0,,,1,True,87.37
ALB,39.0,0 days 00:01:26.802000,HARD,27.0,2.0,,,1,True,86.802
ALB,40.0,0 days 00:01:26.572000,HARD,28.0,2.0,,,1,True,86.572
ALB,41.0,0 days 00:01:26.675000,HARD,29.0,2.0,,,1,True,86.675
ALB,42.0,0 days 00:01:26.708000,HARD,30.0,2.0,,,1,True,86.708
ALB,43.0,0 days 00:01:26.913000,HARD,31.0,2.0,,,1,True,86.913
ALB,44.0,0 days 00:01:27.725000,HARD,32.0,2.0,,,1,True,87.725
ALB,45.0,0 days 00:01:26.907000,HARD,33.0,2.0,,,1,True,86.907
ALB,46.0,0 days 00:01:27.252000,HARD,34.0,2.0,,,1,True,87.252
ALB,47.0,0 days 00:01:28.491000,HARD,35.0,2.0,,,1,True,88.491
ALB,48.0,0 days 00:01:26.822000,HARD,36.0,2.0,,,1,True,86.822
ALB,49.0,0 days 00:01:27.569000,HARD,37.0,2.0,,,1,True,87.569
ALB,50.0,0 days 00:01:27.197000,HARD,38.0,2.0,,,1,True,87.197
ALB,51.0,0 days 00:01:27.433000,HARD,39.0,2.0,,,1,True,87.433
ZHO,1.0,0 days 00:01:35.194000,MEDIUM,1.0,1.0,,,1,False,95.194
ZHO,2.0,0 days 00:01:28.167000,MEDIUM,2.0,1.0,,,1,True,88.167
ZHO,3.0,0 days 00:01:27.871000,MEDIUM,3.0,1.0,,,1,True,87.871
ZHO,4.0,0 days 00:01:27.615000,MEDIUM,4.0,1.0,,,1,True,87.615
ZHO,5.0,0 days 00:01:27.535000,MEDIUM,5.0,1.0,,,1,True,87.535
ZHO,6.0,0 days 00:01:27.066000,MEDIUM,6.0,1.0,,,1,True,87.066
ZHO,7.0,0 days 00:01:27.185000,MEDIUM,7.0,1.0,,,1,True,87.185
ZHO,8.0,0 days 00:01:27.253000,MEDIUM,8.0,1.0,,,1,True,87.253
ZHO,9.0,0 days 00:01:27.416000,MEDIUM,9.0,1.0,,,1,True,87.416
ZHO,10.0,0 days 00:01:27.544000,MEDIUM,10.0,1.0,,,1,True,87.544
ZHO,11.0,0 days 00:01:32.187000,MEDIUM,11.0,1.0,0 days 01:38:33.106000,,1,False,92.187
ZHO,12.0,0 days 00:01:47.237000,HARD,4.0,2.0,,0 days 01:38:57.496000,1,False,107.237
ZHO,13.0,0 days 00:01:26.253000,HARD,5.0,2.0,,,1,True,86.253
ZHO,14.0,0 days 00:01:27.775000,HARD,6.0,2.0,,,1,True,87.775
ZHO,15.0,0 days 00:01:27.645000,HARD,7.0,2.0,,,1,True,87.645
ZHO,16.0,0 days 00:01:27.153000,HARD,8.0,2.0,,,1,True,87.153
ZHO,17.0,0 days 00:01:26.866000,HARD,9.0,2.0,,,1,True,86.866
ZHO,18.0,0 days 00:01:27.055000,HARD,10.0,2.0,,,1,True,87.055
ZHO,19.0,0 days 00:01:27.347000,HARD,11.0,2.0,,,1,True,87.347
ZHO,20.0,0 days 00:01:27.075000,HARD,12.0,2.0,,,1,True,87.075
ZHO,21.0,0 days 00:01:27.170000,HARD,13.0,2.0,,,1,True,87.17
ZHO,22.0,0 days 00:01:27.333000,HARD,14.0,2.0,,,1,True,87.333
ZHO,23.0,0 days 00:01:27.285000,HARD,15.0,2.0,,,1,True,87.285
ZHO,24.0,0 days 00:01:27.153000,HARD,16.0,2.0,,,1,True,87.153
ZHO,25.0,0 days 00:01:27.028000,HARD,17.0,2.0,,,1,True,87.028
ZHO,26.0,0 days 00:01:27.164000,HARD,18.0,2.0,,,1,True,87.164
ZHO,27.0,0 days 00:01:27.348000,HARD,19.0,2.0,,,1,True,87.348
ZHO,28.0,0 days 00:01:27.858000,HARD,20.0,2.0,,,1,True,87.858
ZHO,29.0,0 days 00:01:27.356000,HARD,21.0,2.0,,,1,True,87.356
ZHO,30.0,0 days 00:01:27.442000,HARD,22.0,2.0,,,1,True,87.442
ZHO,31.0,0 days 00:01:27.683000,HARD,23.0,2.0,,,1,True,87.683
ZHO,32.0,0 days 00:01:27.820000,HARD,24.0,2.0,,,1,True,87.82
ZHO,33.0,0 days 00:01:32.052000,HARD,25.0,2.0,0 days 02:10:58.209000,,1,False,92.052
ZHO,34.0,0 days 00:01:47.962000,MEDIUM,1.0,3.0,,0 days 02:11:24.131000,1,False,107.962
ZHO,35.0,0 days 00:01:25.983000,MEDIUM,2.0,3.0,,,1,True,85.983
ZHO,36.0,0 days 00:01:26.935000,MEDIUM,3.0,3.0,,,1,True,86.935
ZHO,37.0,0 days 00:01:26.700000,MEDIUM,4.0,3.0,,,1,True,86.7
ZHO,38.0,0 days 00:01:26.503000,MEDIUM,5.0,3.0,,,1,True,86.503
ZHO,39.0,0 days 00:01:26.473000,MEDIUM,6.0,3.0,,,1,True,86.473
ZHO,40.0,0 days 00:01:26.406000,MEDIUM,7.0,3.0,,,1,True,86.406
ZHO,41.0,0 days 00:01:26.600000,MEDIUM,8.0,3.0,,,1,True,86.6
ZHO,42.0,0 days 00:01:26.671000,MEDIUM,9.0,3.0,,,1,True,86.671
ZHO,43.0,0 days 00:01:26.288000,MEDIUM,10.0,3.0,,,1,True,86.288
ZHO,44.0,0 days 00:01:26.313000,MEDIUM,11.0,3.0,,,1,True,86.313
ZHO,45.0,0 days 00:01:26.461000,MEDIUM,12.0,3.0,,,1,True,86.461
ZHO,46.0,0 days 00:01:26.134000,MEDIUM,13.0,3.0,,,1,True,86.134
ZHO,47.0,0 days 00:01:26.305000,MEDIUM,14.0,3.0,,,1,True,86.305
ZHO,48.0,0 days 00:01:26.448000,MEDIUM,15.0,3.0,,,1,True,86.448
ZHO,49.0,0 days 00:01:28.825000,MEDIUM,16.0,3.0,,,1,True,88.825
ZHO,50.0,0 days 00:01:26.768000,MEDIUM,17.0,3.0,,,1,True,86.768
HUL,1.0,0 days 00:01:32.720000,MEDIUM,4.0,1.0,,,1,False,92.72
HUL,2.0,0 days 00:01:27.920000,MEDIUM,5.0,1.0,,,1,True,87.92
HUL,3.0,0 days 00:01:27.360000,MEDIUM,6.0,1.0,,,1,True,87.36
HUL,4.0,0 days 00:01:27.200000,MEDIUM,7.0,1.0,,,1,True,87.2
HUL,5.0,0 days 00:01:27.035000,MEDIUM,8.0,1.0,,,1,True,87.035
HUL,6.0,0 days 00:01:27.169000,MEDIUM,9.0,1.0,,,1,True,87.169
HUL,7.0,0 days 00:01:27.465000,MEDIUM,10.0,1.0,,,1,True,87.465
HUL,8.0,0 days 00:01:28.059000,MEDIUM,11.0,1.0,,,1,True,88.059
HUL,9.0,0 days 00:01:27.481000,MEDIUM,12.0,1.0,,,1,True,87.481
HUL,10.0,0 days 00:01:27.563000,MEDIUM,13.0,1.0,,,1,True,87.563
HUL,11.0,0 days 00:01:28.055000,MEDIUM,14.0,1.0,,,1,True,88.055
HUL,12.0,0 days 00:01:29.091000,MEDIUM,15.0,1.0,,,1,True,89.091
HUL,13.0,0 days 00:01:28.009000,MEDIUM,16.0,1.0,,,1,True,88.009
HUL,14.0,0 days 00:01:32.658000,MEDIUM,17.0,1.0,0 days 01:42:55.868000,,1,False,92.658
HUL,15.0,0 days 00:01:49.615000,HARD,6.0,2.0,,0 days 01:43:21.946000,1,False,109.615
HUL,16.0,0 days 00:01:26.990000,HARD,7.0,2.0,,,1,True,86.99
HUL,17.0,0 days 00:01:26.988000,HARD,8.0,2.0,,,1,True,86.988
HUL,18.0,0 days 00:01:27.294000,HARD,9.0,2.0,,,1,True,87.294
HUL,19.0,0 days 00:01:27.312000,HARD,10.0,2.0,,,1,True,87.312
HUL,20.0,0 days 00:01:27.078000,HARD,11.0,2.0,,,1,True,87.078
HUL,21.0,0 days 00:01:27.161000,HARD,12.0,2.0,,,1,True,87.161
HUL,22.0,0 days 00:01:27.074000,HARD,13.0,2.0,,,1,True,87.074
HUL,23.0,0 days 00:01:27.290000,HARD,14.0,2.0,,,1,True,87.29
HUL,24.0,0 days 00:01:27.143000,HARD,15.0,2.0,,,1,True,87.143
HUL,25.0,0 days 00:01:27.229000,HARD,16.0,2.0,,,1,True,87.229
HUL,26.0,0 days 00:01:27.344000,HARD,17.0,2.0,,,1,True,87.344
HUL,27.0,0 days 00:01:27.080000,HARD,18.0,2.0,,,1,True,87.08
HUL,28.0,0 days 00:01:27.600000,HARD,19.0,2.0,,,1,True,87.6
HUL,29.0,0 days 00:01:27.466000,HARD,20.0,2.0,,,1,True,87.466
HUL,30.0,0 days 00:01:27.775000,HARD,21.0,2.0,,,1,True,87.775
HUL,31.0,0 days 00:01:27.547000,HARD,22.0,2.0,,,1,True,87.547
HUL,32.0,0 days 00:01:27.976000,HARD,23.0,2.0,,,1,True,87.976
HUL,33.0,0 days 00:01:28.575000,HARD,24.0,2.0,,,1,True,88.575
HUL,34.0,0 days 00:01:27.991000,HARD,25.0,2.0,,,1,True,87.991
HUL,35.0,0 days 00:01:27.945000,HARD,26.0,2.0,,,1,True,87.945
HUL,36.0,0 days 00:01:28.084000,HARD,27.0,2.0,,,1,True,88.084
HUL,37.0,0 days 00:01:28.006000,HARD,28.0,2.0,,,1,True,88.006
HUL,38.0,0 days 00:01:28.969000,HARD,29.0,2.0,,,1,True,88.969
HUL,39.0,0 days 00:01:32.506000,HARD,30.0,2.0,0 days 02:19:51.890000,,1,False,92.506
HUL,40.0,0 days 00:01:46.370000,MEDIUM,4.0,3.0,,0 days 02:20:16.218000,1,False,106.37
HUL,41.0,0 days 00:01:26.395000,MEDIUM,5.0,3.0,,,1,True,86.395
HUL,42.0,0 days 00:01:26.102000,MEDIUM,6.0,3.0,,,1,True,86.102
HUL,43.0,0 days 00:01:26.234000,MEDIUM,7.0,3.0,,,1,True,86.234
HUL,44.0,0 days 00:01:26.459000,MEDIUM,8.0,3.0,,,1,True,86.459
HUL,45.0,0 days 00:01:26.723000,MEDIUM,9.0,3.0,,,1,True,86.723
HUL,46.0,0 days 00:01:26.645000,MEDIUM,10.0,3.0,,,1,True,86.645
HUL,47.0,0 days 00:01:26.251000,MEDIUM,11.0,3.0,,,1,True,86.251
HUL,48.0,0 days 00:01:26.359000,MEDIUM,12.0,3.0,,,1,True,86.359
HUL,49.0,0 days 00:01:25.981000,MEDIUM,13.0,3.0,,,1,True,85.981
HUL,50.0,0 days 00:01:25.894000,MEDIUM,14.0,3.0,,,1,True,85.894
OCO,1.0,0 days 00:01:35.655000,MEDIUM,1.0,1.0,,,1,False,95.655
OCO,2.0,0 days 00:01:28.667000,MEDIUM,2.0,1.0,,,1,True,88.667
OCO,3.0,0 days 00:01:27.822000,MEDIUM,3.0,1.0,,,1,True,87.822
OCO,4.0,0 days 00:01:27.582000,MEDIUM,4.0,1.0,,,1,True,87.582
OCO,5.0,0 days 00:01:27.385000,MEDIUM,5.0,1.0,,,1,True,87.385
OCO,6.0,0 days 00:01:27.306000,MEDIUM,6.0,1.0,,,1,True,87.306
OCO,7.0,0 days 00:01:27.117000,MEDIUM,7.0,1.0,,,1,True,87.117
OCO,8.0,0 days 00:01:27.309000,MEDIUM,8.0,1.0,,,1,True,87.309
OCO,9.0,0 days 00:01:27.396000,MEDIUM,9.0,1.0,,,1,True,87.396
OCO,10.0,0 days 00:01:27.607000,MEDIUM,10.0,1.0,,,1,True,87.607
OCO,11.0,0 days 00:01:27.738000,MEDIUM,11.0,1.0,,,1,True,87.738
OCO,12.0,0 days 00:01:28.232000,MEDIUM,12.0,1.0,,,1,True,88.232
OCO,13.0,0 days 00:01:27.855000,MEDIUM,13.0,1.0,,,1,True,87.855
OCO,14.0,0 days 00:01:28.091000,MEDIUM,14.0,1.0,,,1,True,88.091
OCO,15.0,0 days 00:01:28.197000,MEDIUM,15.0,1.0,,,1,True,88.197
OCO,16.0,0 days 00:01:28.249000,MEDIUM,16.0,1.0,,,1,True,88.249
OCO,17.0,0 days 00:01:28.111000,MEDIUM,17.0,1.0,,,1,True,88.111
OCO,18.0,0 days 00:01:28.261000,MEDIUM,18.0,1.0,,,1,True,88.261
OCO,19.0,0 days 00:01:28.216000,MEDIUM,19.0,1.0,,,1,True,88.216
OCO,20.0,0 days 00:01:29.387000,MEDIUM,20.0,1.0,,,1,True,89.387
OCO,21.0,0 days 00:01:28.489000,MEDIUM,21.0,1.0,,,1,True,88.489
OCO,22.0,0 days 00:01:28.884000,MEDIUM,22.0,1.0,,,1,True,88.884
OCO,23.0,0 days 00:01:29.474000,MEDIUM,23.0,1.0,,,1,True,89.474
OCO,24.0,0 days 00:01:33.499000,MEDIUM,24.0,1.0,0 days 01:57:44.608000,,1,False,93.499
OCO,25.0,0 days 00:01:47.378000,HARD,4.0,2.0,,0 days 01:58:08.843000,1,False,107.378
OCO,26.0,0 days 00:01:27.158000,HARD,5.0,2.0,,,1,True,87.158
OCO,27.0,0 days 00:01:27.119000,HARD,6.0,2.0,,,1,True,87.119
OCO,28.0,0 days 00:01:27.190000,HARD,7.0,2.0,,,1,True,87.19
OCO,29.0,0 days 00:01:27.350000,HARD,8.0,2.0,,,1,True,87.35
OCO,30.0,0 days 00:01:27.308000,HARD,9.0,2.0,,,1,True,87.308
OCO,31.0,0 days 00:01:27.208000,HARD,10.0,2.0,,,1,True,87.208
OCO,32.0,0 days 00:01:27.119000,HARD,11.0,2.0,,,1,True,87.119
OCO,33.0,0 days 00:01:26.963000,HARD,12.0,2.0,,,1,True,86.963
OCO,34.0,0 days 00:01:27.626000,HARD,13.0,2.0,,,1,True,87.626
OCO,35.0,0 days 00:01:27.441000,HARD,14.0,2.0,,,1,True,87.441
OCO,36.0,0 days 00:01:27.476000,HARD,15.0,2.0,,,1,True,87.476
OCO,37.0,0 days 00:01:27.429000,HARD,16.0,2.0,,,1,True,87.429
OCO,38.0,0 days 00:01:27.079000,HARD,17.0,2.0,,,1,True,87.079
OCO,39.0,0 days 00:01:46.604000,HARD,18.0,2.0,0 days 02:20:13.093000,,1,False,106.604
NOR,1.0,0 days 00:01:31.513000,MEDIUM,1.0,1.0,,,1,False,91.513
NOR,2.0,0 days 00:01:27.575000,MEDIUM,2.0,1.0,,,1,True,87.575
NOR,3.0,0 days 00:01:27.105000,MEDIUM,3.0,1.0,,,1,True,87.105
NOR,4.0,0 days 00:01:27.069000,MEDIUM,4.0,1.0,,,1,True,87.069
NOR,5.0,0 days 00:01:27.142000,MEDIUM,5.0,1.0,,,1,True,87.142
NOR,6.0,0 days 00:01:26.796000,MEDIUM,6.0,1.0,,,1,True,86.796
NOR,7.0,0 days 00:01:26.864000,MEDIUM,7.0,1.0,,,1,True,86.864
NOR,8.0,0 days 00:01:26.628000,MEDIUM,8.0,1.0,,,1,True,86.628
NOR,9.0,0 days 00:01:26.893000,MEDIUM,9.0,1.0,,,1,True,86.893
NOR,10.0,0 days 00:01:26.965000,MEDIUM,10.0,1.0,,,1,True,86.965
NOR,11.0,0 days 00:01:27.066000,MEDIUM,11.0,1.0,,,1,True,87.066
NOR,12.0,0 days 00:01:27.438000,MEDIUM,12.0,1.0,,,1,True,87.438
NOR,13.0,0 days 00:01:27.359000,MEDIUM,13.0,1.0,,,1,True,87.359
NOR,14.0,0 days 00:01:27.478000,MEDIUM,14.0,1.0,,,1,True,87.478
NOR,15.0,0 days 00:01:27.796000,MEDIUM,15.0,1.0,,,1,True,87.796
NOR,16.0,0 days 00:01:27.199000,MEDIUM,16.0,1.0,,,1,True,87.199
NOR,17.0,0 days 00:01:27.597000,MEDIUM,17.0,1.0,,,1,True,87.597
NOR,18.0,0 days 00:01:27.272000,MEDIUM,18.0,1.0,,,1,True,87.272
NOR,19.0,0 days 00:01:27.280000,MEDIUM,19.0,1.0,,,1,True,87.28
NOR,20.0,0 days 00:01:27.716000,MEDIUM,20.0,1.0,,,1,True,87.716
NOR,21.0,0 days 00:01:27.718000,MEDIUM,21.0,1.0,,,1,True,87.718
NOR,22.0,0 days 00:01:31.647000,MEDIUM,22.0,1.0,0 days 01:54:26.173000,,1,False,91.647
NOR,23.0,0 days 00:01:46.282000,HARD,5.0,2.0,,0 days 01:54:49.876000,1,False,106.282
NOR,24.0,0 days 00:01:26.144000,HARD,6.0,2.0,,,1,True,86.144
NOR,25.0,0 days 00:01:26.424000,HARD,7.0,2.0,,,1,True,86.424
NOR,26.0,0 days 00:01:26.402000,HARD,8.0,2.0,,,1,True,86.402
NOR,27.0,0 days 00:01:26.485000,HARD,9.0,2.0,,,1,True,86.485
NOR,28.0,0 days 00:01:26.396000,HARD,10.0,2.0,,,1,True,86.396
NOR,29.0,0 days 00:01:26.472000,HARD,11.0,2.0,,,1,True,86.472
NOR,30.0,0 days 00:01:26.968000,HARD,12.0,2.0,,,1,True,86.968
NOR,31.0,0 days 00:01:26.909000,HARD,13.0,2.0,,,1,True,86.909
NOR,32.0,0 days 00:01:26.586000,HARD,14.0,2.0,,,1,True,86.586
NOR,33.0,0 days 00:01:26.455000,HARD,15.0,2.0,,,1,True,86.455
NOR,34.0,0 days 00:01:26.366000,HARD,16.0,2.0,,,1,True,86.366
NOR,35.0,0 days 00:01:26.464000,HARD,17.0,2.0,,,1,True,86.464
NOR,36.0,0 days 00:01:27.060000,HARD,18.0,2.0,,,1,True,87.06
NOR,37.0,0 days 00:01:26.595000,HARD,19.0,2.0,,,1,True,86.595
NOR,38.0,0 days 00:01:27.567000,HARD,20.0,2.0,,,1,True,87.567
NOR,39.0,0 days 00:01:26.792000,HARD,21.0,2.0,,,1,True,86.792
NOR,40.0,0 days 00:01:26.761000,HARD,22.0,2.0,,,1,True,86.761
NOR,41.0,0 days 00:01:26.562000,HARD,23.0,2.0,,,1,True,86.562
NOR,42.0,0 days 00:01:26.623000,HARD,24.0,2.0,,,1,True,86.623
NOR,43.0,0 days 00:01:26.810000,HARD,25.0,2.0,,,1,True,86.81
NOR,44.0,0 days 00:01:27.991000,HARD,26.0,2.0,,,1,True,87.991
NOR,45.0,0 days 00:01:27.466000,HARD,27.0,2.0,,,1,True,87.466
NOR,46.0,0 days 00:01:27.017000,HARD,28.0,2.0,,,1,True,87.017
NOR,47.0,0 days 00:01:27.886000,HARD,29.0,2.0,,,1,True,87.886
NOR,48.0,0 days 00:01:26.733000,HARD,30.0,2.0,,,1,True,86.733
NOR,49.0,0 days 00:01:27.661000,HARD,31.0,2.0,,,1,True,87.661
NOR,50.0,0 days 00:01:27.174000,HARD,32.0,2.0,,,1,True,87.174
NOR,51.0,0 days 00:01:27.425000,HARD,33.0,2.0,,,1,True,87.425
LAW,1.0,0 days 00:01:33.893000,MEDIUM,4.0,1.0,,,1,False,93.893
LAW,2.0,0 days 00:01:28.018000,MEDIUM,5.0,1.0,,,1,True,88.018
LAW,3.0,0 days 00:01:27.657000,MEDIUM,6.0,1.0,,,1,True,87.657
LAW,4.0,0 days 00:01:27.130000,MEDIUM,7.0,1.0,,,1,True,87.13
LAW,5.0,0 days 00:01:27.205000,MEDIUM,8.0,1.0,,,1,True,87.205
LAW,6.0,0 days 00:01:27.263000,MEDIUM,9.0,1.0,,,1,True,87.263
LAW,7.0,0 days 00:01:27.154000,MEDIUM,10.0,1.0,,,1,True,87.154
LAW,8.0,0 days 00:01:27.331000,MEDIUM,11.0,1.0,,,1,True,87.331
LAW,9.0,0 days 00:01:27.506000,MEDIUM,12.0,1.0,,,1,True,87.506
LAW,10.0,0 days 00:01:27.648000,MEDIUM,13.0,1.0,,,1,True,87.648
LAW,11.0,0 days 00:01:27.892000,MEDIUM,14.0,1.0,,,1,True,87.892
LAW,12.0,0 days 00:01:27.631000,MEDIUM,15.0,1.0,,,1,True,87.631
LAW,13.0,0 days 00:01:32.053000,MEDIUM,16.0,1.0,0 days 01:41:26.463000,,1,False,92.053
LAW,14.0,0 days 00:01:47.344000,HARD,4.0,2.0,,0 days 01:41:50.869000,1,False,107.344
LAW,15.0,0 days 00:01:27.030000,HARD,5.0,2.0,,,1,True,87.03
LAW,16.0,0 days 00:01:27.412000,HARD,6.0,2.0,,,1,True,87.412
LAW,17.0,0 days 00:01:27.045000,HARD,7.0,2.0,,,1,True,87.045
LAW,18.0,0 days 00:01:26.815000,HARD,8.0,2.0,,,1,True,86.815
LAW,19.0,0 days 00:01:27.047000,HARD,9.0,2.0,,,1,True,87.047
LAW,20.0,0 days 00:01:26.890000,HARD,10.0,2.0,,,1,True,86.89
LAW,21.0,0 days 00:01:27.171000,HARD,11.0,2.0,,,1,True,87.171
LAW,22.0,0 days 00:01:28.059000,HARD,12.0,2.0,,,1,True,88.059
LAW,23.0,0 days 00:01:27.215000,HARD,13.0,2.0,,,1,True,87.215
LAW,24.0,0 days 00:01:27.049000,HARD,14.0,2.0,,,1,True,87.049
LAW,25.0,0 days 00:01:27.204000,HARD,15.0,2.0,,,1,True,87.204
LAW,26.0,0 days 00:01:27.089000,HARD,16.0,2.0,,,1,True,87.089
LAW,27.0,0 days 00:01:27.025000,HARD,17.0,2.0,,,1,True,87.025
LAW,28.0,0 days 00:01:27.376000,HARD,18.0,2.0,,,1,True,87.376
LAW,29.0,0 days 00:01:27.108000,HARD,19.0,2.0,,,1,True,87.108
LAW,30.0,0 days 00:01:27.487000,HARD,20.0,2.0,,,1,True,87.487
LAW,31.0,0 days 00:01:27.515000,HARD,21.0,2.0,,,1,True,87.515
LAW,32.0,0 days 00:01:27.496000,HARD,22.0,2.0,,,1,True,87.496
LAW,33.0,0 days 00:01:31.843000,HARD,23.0,2.0,0 days 02:10:55.631000,,1,False,91.843
LAW,34.0,0 days 00:01:46.710000,MEDIUM,4.0,3.0,,0 days 02:11:19.912000,1,False,106.71
LAW,35.0,0 days 00:01:26.260000,MEDIUM,5.0,3.0,,,1,True,86.26
LAW,36.0,0 days 00:01:26.384000,MEDIUM,6.0,3.0,,,1,True,86.384
LAW,37.0,0 days 00:01:26.253000,MEDIUM,7.0,3.0,,,1,True,86.253
LAW,38.0,0 days 00:01:26.103000,MEDIUM,8.0,3.0,,,1,True,86.103
LAW,39.0,0 days 00:01:26.245000,MEDIUM,9.0,3.0,,,1,True,86.245
LAW,40.0,0 days 00:01:26.273000,MEDIUM,10.0,3.0,,,1,True,86.273
LAW,41.0,0 days 00:01:26.417000,MEDIUM,11.0,3.0,,,1,True,86.417
LAW,42.0,0 days 00:01:26.121000,MEDIUM,12.0,3.0,,,1,True,86.121
LAW,43.0,0 days 00:01:26.143000,MEDIUM,13.0,3.0,,,1,True,86.143
LAW,44.0,0 days 00:01:25.842000,MEDIUM,14.0,3.0,,,1,True,85.842
LAW,45.0,0 days 00:01:26.134000,MEDIUM,15.0,3.0,,,1,True,86.134
LAW,46.0,0 days 00:01:26.018000,MEDIUM,16.0,3.0,,,1,True,86.018
LAW,47.0,0 days 00:01:26.656000,MEDIUM,17.0,3.0,,,1,True,86.656
LAW,48.0,0 days 00:01:26.098000,MEDIUM,18.0,3.0,,,1,True,86.098
LAW,49.0,0 days 00:01:27.235000,MEDIUM,19.0,3.0,,,1,True,87.235
LAW,50.0,0 days 00:01:26.436000,MEDIUM,20.0,3.0,,,1,True,86.436
HAM,1.0,0 days 00:01:32.011000,HARD,4.0,1.0,,,1,False,92.011
HAM,2.0,0 days 00:01:27.837000,HARD,5.0,1.0,,,1,True,87.837
HAM,3.0,0 days 00:01:27.289000,HARD,6.0,1.0,,,1,True,87.289
HAM,4.0,0 days 00:01:27.233000,HARD,7.0,1.0,,,1,True,87.233
HAM,5.0,0 days 00:01:27.015000,HARD,8.0,1.0,,,1,True,87.015
HAM,6.0,0 days 00:01:26.711000,HARD,9.0,1.0,,,1,True,86.711
HAM,7.0,0 days 00:01:26.700000,HARD,10.0,1.0,,,1,True,86.7
HAM,8.0,0 days 00:01:26.643000,HARD,11.0,1.0,,,1,True,86.643
HAM,9.0,0 days 00:01:26.756000,HARD,12.0,1.0,,,1,True,86.756
HAM,10.0,0 days 00:01:26.995000,HARD,13.0,1.0,,,1,True,86.995
HAM,11.0,0 days 00:01:27.119000,HARD,14.0,1.0,,,1,True,87.119
HAM,12.0,0 days 00:01:27.194000,HARD,15.0,1.0,,,1,True,87.194
HAM,13.0,0 days 00:01:27.292000,HARD,16.0,1.0,,,1,True,87.292
HAM,14.0,0 days 00:01:27.526000,HARD,17.0,1.0,,,1,True,87.526
HAM,15.0,0 days 00:01:28.085000,HARD,18.0,1.0,,,1,True,88.085
HAM,16.0,0 days 00:01:27.240000,HARD,19.0,1.0,,,1,True,87.24
HAM,17.0,0 days 00:01:27.585000,HARD,20.0,1.0,,,1,True,87.585
HAM,18.0,0 days 00:01:27.279000,HARD,21.0,1.0,,,1,True,87.279
HAM,19.0,0 days 00:01:27.449000,HARD,22.0,1.0,,,1,True,87.449
HAM,20.0,0 days 00:01:27.830000,HARD,23.0,1.0,,,1,True,87.83
HAM,21.0,0 days 00:01:27.399000,HARD,24.0,1.0,,,1,True,87.399
HAM,22.0,0 days 00:01:27.154000,HARD,25.0,1.0,,,1,True,87.154
HAM,23.0,0 days 00:01:27.267000,HARD,26.0,1.0,,,1,True,87.267
HAM,24.0,0 days 00:01:27.311000,HARD,27.0,1.0,,,1,True,87.311
HAM,25.0,0 days 00:01:27.791000,HARD,28.0,1.0,,,1,True,87.791
HAM,26.0,0 days 00:01:27.407000,HARD,29.0,1.0,,,1,True,87.407
HAM,27.0,0 days 00:01:33.228000,HARD,30.0,1.0,0 days 02:01:45.387000,,1,False,93.228
HAM,28.0,0 days 00:01:45.978000,MEDIUM,1.0,2.0,,0 days 02:02:09.621000,1,False,105.978
HAM,29.0,0 days 00:01:25.582000,MEDIUM,2.0,2.0,,,1,True,85.582
HAM,30.0,0 days 00:01:26.340000,MEDIUM,3.0,2.0,,,1,True,86.34
HAM,31.0,0 days 00:01:26.404000,MEDIUM,4.0,2.0,,,1,True,86.404
HAM,32.0,0 days 00:01:26.620000,MEDIUM,5.0,2.0,,,1,True,86.62
HAM,33.0,0 days 00:01:26.584000,MEDIUM,6.0,2.0,,,1,True,86.584
HAM,34.0,0 days 00:01:26.236000,MEDIUM,7.0,2.0,,,1,True,86.236
HAM,35.0,0 days 00:01:26.016000,MEDIUM,8.0,2.0,,,1,True,86.016
HAM,36.0,0 days 00:01:26.205000,MEDIUM,9.0,2.0,,,1,True,86.205
HAM,37.0,0 days 00:01:25.999000,MEDIUM,10.0,2.0,,,1,True,85.999
HAM,38.0,0 days 00:01:26.274000,MEDIUM,11.0,2.0,,,1,True,86.274
HAM,39.0,0 days 00:01:26.249000,MEDIUM,12.0,2.0,,,1,True,86.249
HAM,40.0,0 days 00:01:26.658000,MEDIUM,13.0,2.0,,,1,True,86.658
HAM,41.0,0 days 00:01:27.501000,MEDIUM,14.0,2.0,,,1,True,87.501
HAM,42.0,0 days 00:01:26.216000,MEDIUM,15.0,2.0,,,1,True,86.216
HAM,43.0,0 days 00:01:26.093000,MEDIUM,16.0,2.0,,,1,True,86.093
HAM,44.0,0 days 00:01:27.152000,MEDIUM,17.0,2.0,,,1,True,87.152
HAM,45.0,0 days 00:01:26.333000,MEDIUM,18.0,2.0,,,1,True,86.333
HAM,46.0,0 days 00:01:27.193000,MEDIUM,19.0,2.0,,,1,True,87.193
HAM,47.0,0 days 00:01:26.120000,MEDIUM,20.0,2.0,,,1,True,86.12
HAM,48.0,0 days 00:01:25.815000,MEDIUM,21.0,2.0,,,1,True,85.815
HAM,49.0,0 days 00:01:25.888000,MEDIUM,22.0,2.0,,,1,True,85.888
HAM,50.0,0 days 00:01:25.927000,MEDIUM,23.0,2.0,,,1,True,85.927
HAM,51.0,0 days 00:01:26.093000,MEDIUM,24.0,2.0,,,1,True,86.093
SAI,1.0,0 days 00:01:27.117000,MEDIUM,1.0,1.0,,,1,False,87.117
SAI,2.0,0 days 00:01:26.006000,MEDIUM,2.0,1.0,,,1,True,86.006
SAI,3.0,0 days 00:01:25.976000,MEDIUM,3.0,1.0,,,1,True,85.976
SAI,4.0,0 days 00:01:26.067000,MEDIUM,4.0,1.0,,,1,True,86.067
SAI,5.0,0 days 00:01:26.423000,MEDIUM,5.0,1.0,,,1,True,86.423
SAI,6.0,0 days 00:01:26.615000,MEDIUM,6.0,1.0,,,1,True,86.615
SAI,7.0,0 days 00:01:26.358000,MEDIUM,7.0,1.0,,,1,True,86.358
SAI,8.0,0 days 00:01:26.224000,MEDIUM,8.0,1.0,,,1,True,86.224
SAI,9.0,0 days 00:01:26.476000,MEDIUM,9.0,1.0,,,1,True,86.476
SAI,10.0,0 days 00:01:26.511000,MEDIUM,10.0,1.0,,,1,True,86.511
SAI,11.0,0 days 00:01:26.691000,MEDIUM,11.0,1.0,,,1,True,86.691
SAI,12.0,0 days 00:01:26.408000,MEDIUM,12.0,1.0,,,1,True,86.408
SAI,13.0,0 days 00:01:26.887000,MEDIUM,13.0,1.0,,,1,True,86.887
SAI,14.0,0 days 00:01:26.972000,MEDIUM,14.0,1.0,,,1,True,86.972
SAI,15.0,0 days 00:01:28.219000,MEDIUM,15.0,1.0,,,1,True,88.219
SAI,16.0,0 days 00:01:27.323000,MEDIUM,16.0,1.0,,,1,True,87.323
SAI,17.0,0 days 00:01:27.721000,MEDIUM,17.0,1.0,,,1,True,87.721
SAI,18.0,0 days 00:01:27.512000,MEDIUM,18.0,1.0,,,1,True,87.512
SAI,19.0,0 days 00:01:31.912000,MEDIUM,19.0,1.0,0 days 01:49:51.504000,,1,False,91.912
SAI,20.0,0 days 00:01:46.762000,HARD,1.0,2.0,,0 days 01:50:16.676000,1,False,106.762
SAI,21.0,0 days 00:01:26.146000,HARD,2.0,2.0,,,1,True,86.146
SAI,22.0,0 days 00:01:25.558000,HARD,3.0,2.0,,,1,True,85.558
SAI,23.0,0 days 00:01:25.793000,HARD,4.0,2.0,,,1,True,85.793
SAI,24.0,0 days 00:01:25.902000,HARD,5.0,2.0,,,1,True,85.902
SAI,25.0,0 days 00:01:26.005000,HARD,6.0,2.0,,,1,True,86.005
SAI,26.0,0 days 00:01:25.836000,HARD,7.0,2.0,,,1,True,85.836
SAI,27.0,0 days 00:01:26.165000,HARD,8.0,2.0,,,1,True,86.165
SAI,28.0,0 days 00:01:25.770000,HARD,9.0,2.0,,,1,True,85.77
SAI,29.0,0 days 00:01:25.720000,HARD,10.0,2.0,,,1,True,85.72
SAI,30.0,0 days 00:01:25.501000,HARD,11.0,2.0,,,1,True,85.501
SAI,31.0,0 days 00:01:25.718000,HARD,12.0,2.0,,,1,True,85.718
SAI,32.0,0 days 00:01:25.896000,HARD,13.0,2.0,,,1,True,85.896
SAI,33.0,0 days 00:01:25.926000,HARD,14.0,2.0,,,1,True,85.926
SAI,34.0,0 days 00:01:26.126000,HARD,15.0,2.0,,,1,True,86.126
SAI,35.0,0 days 00:01:25.789000,HARD,16.0,2.0,,,1,True,85.789
SAI,36.0,0 days 00:01:26.011000,HARD,17.0,2.0,,,1,True,86.011
SAI,37.0,0 days 00:01:25.886000,HARD,18.0,2.0,,,1,True,85.886
SAI,38.0,0 days 00:01:25.705000,HARD,19.0,2.0,,,1,True,85.705
SAI,39.0,0 days 00:01:25.924000,HARD,20.0,2.0,,,1,True,85.924
SAI,40.0,0 days 00:01:26.122000,HARD,21.0,2.0,,,1,True,86.122
SAI,41.0,0 days 00:01:26.738000,HARD,22.0,2.0,,,1,True,86.738
SAI,42.0,0 days 00:01:26.479000,HARD,23.0,2.0,,,1,True,86.479
SAI,43.0,0 days 00:01:26.589000,HARD,24.0,2.0,,,1,True,86.589
SAI,44.0,0 days 00:01:26.430000,HARD,25.0,2.0,,,1,True,86.43
SAI,45.0,0 days 00:01:26.632000,HARD,26.0,2.0,,,1,True,86.632
SAI,46.0,0 days 00:01:27.303000,HARD,27.0,2.0,,,1,True,87.303
SAI,47.0,0 days 00:01:27.096000,HARD,28.0,2.0,,,1,True,87.096
SAI,48.0,0 days 00:01:26.800000,HARD,29.0,2.0,,,1,True,86.8
SAI,49.0,0 days 00:01:26.770000,HARD,30.0,2.0,,,1,True,86.77
SAI,50.0,0 days 00:01:26.776000,HARD,31.0,2.0,,,1,True,86.776
SAI,51.0,0 days 00:01:27.044000,HARD,32.0,2.0,,,1,True,87.044
RUS,1.0,0 days 00:01:29.339000,MEDIUM,1.0,1.0,,,1,False,89.339
RUS,2.0,0 days 00:01:26.686000,MEDIUM,2.0,1.0,,,1,True,86.686
RUS,3.0,0 days 00:01:26.176000,MEDIUM,3.0,1.0,,,1,True,86.176
RUS,4.0,0 days 00:01:26.178000,MEDIUM,4.0,1.0,,,1,True,86.178
RUS,5.0,0 days 00:01:26.249000,MEDIUM,5.0,1.0,,,1,True,86.249
RUS,6.0,0 days 00:01:26.515000,MEDIUM,6.0,1.0,,,1,True,86.515
RUS,7.0,0 days 00:01:26.515000,MEDIUM,7.0,1.0,,,1,True,86.515
RUS,8.0,0 days 00:01:26.594000,MEDIUM,8.0,1.0,,,1,True,86.594
RUS,9.0,0 days 00:01:26.710000,MEDIUM,9.0,1.0,,,1,True,86.71
RUS,10.0,0 days 00:01:26.655000,MEDIUM,10.0,1.0,,,1,True,86.655
RUS,11.0,0 days 00:01:27.186000,MEDIUM,11.0,1.0,,,1,True,87.186
RUS,12.0,0 days 00:01:27.044000,MEDIUM,12.0,1.0,,,1,True,87.044
RUS,13.0,0 days 00:01:26.962000,MEDIUM,13.0,1.0,,,1,True,86.962
RUS,14.0,0 days 00:01:27.285000,MEDIUM,14.0,1.0,,,1,True,87.285
RUS,15.0,0 days 00:01:27.005000,MEDIUM,15.0,1.0,,,1,True,87.005
RUS,16.0,0 days 00:01:27.976000,MEDIUM,16.0,1.0,,,1,True,87.976
RUS,17.0,0 days 00:01:27.055000,MEDIUM,17.0,1.0,,,1,True,87.055
RUS,18.0,0 days 00:01:27.383000,MEDIUM,18.0,1.0,,,1,True,87.383
RUS,19.0,0 days 00:01:31.885000,MEDIUM,19.0,1.0,0 days 01:49:55.551000,,1,False,91.885
RUS,20.0,0 days 00:01:45.310000,HARD,4.0,2.0,,0 days 01:50:19.692000,1,False,105.31
RUS,21.0,0 days 00:01:26.456000,HARD,5.0,2.0,,,1,True,86.456
RUS,22.0,0 days 00:01:26.715000,HARD,6.0,2.0,,,1,True,86.715
RUS,23.0,0 days 00:01:26.605000,HARD,7.0,2.0,,,1,True,86.605
RUS,24.0,0 days 00:01:26.671000,HARD,8.0,2.0,,,1,True,86.671
RUS,25.0,0 days 00:01:26.320000,HARD,9.0,2.0,,,1,True,86.32
RUS,26.0,0 days 00:01:26.410000,HARD,10.0,2.0,,,1,True,86.41
RUS,27.0,0 days 00:01:26.184000,HARD,11.0,2.0,,,1,True,86.184
RUS,28.0,0 days 00:01:26.284000,HARD,12.0,2.0,,,1,True,86.284
RUS,29.0,0 days 00:01:26.140000,HARD,13.0,2.0,,,1,True,86.14
RUS,30.0,0 days 00:01:25.966000,HARD,14.0,2.0,,,1,True,85.966
RUS,31.0,0 days 00:01:26.148000,HARD,15.0,2.0,,,1,True,86.148
RUS,32.0,0 days 00:01:26.059000,HARD,16.0,2.0,,,1,True,86.059
RUS,33.0,0 days 00:01:26.161000,HARD,17.0,2.0,,,1,True,86.161
RUS,34.0,0 days 00:01:26.119000,HARD,18.0,2.0,,,1,True,86.119
RUS,35.0,0 days 00:01:26.189000,HARD,19.0,2.0,,,1,True,86.189
RUS,36.0,0 days 00:01:26.371000,HARD,20.0,2.0,,,1,True,86.371
RUS,37.0,0 days 00:01:25.997000,HARD,21.0,2.0,,,1,True,85.997
RUS,38.0,0 days 00:01:25.847000,HARD,22.0,2.0,,,1,True,85.847
RUS,39.0,0 days 00:01:26.210000,HARD,23.0,2.0,,,1,True,86.21
RUS,40.0,0 days 00:01:26.244000,HARD,24.0,2.0,,,1,True,86.244
RUS,41.0,0 days 00:01:26.614000,HARD,25.0,2.0,,,1,True,86.614
RUS,42.0,0 days 00:01:26.335000,HARD,26.0,2.0,,,1,True,86.335
RUS,43.0,0 days 00:01:26.426000,HARD,27.0,2.0,,,1,True,86.426
RUS,44.0,0 days 00:01:26.336000,HARD,28.0,2.0,,,1,True,86.336
RUS,45.0,0 days 00:01:26.394000,HARD,29.0,2.0,,,1,True,86.394
RUS,46.0,0 days 00:01:26.458000,HARD,30.0,2.0,,,1,True,86.458
RUS,47.0,0 days 00:01:26.640000,HARD,31.0,2.0,,,1,True,86.64
RUS,48.0,0 days 00:01:26.287000,HARD,32.0,2.0,,,1,True,86.287
RUS,49.0,0 days 00:01:26.375000,HARD,33.0,2.0,,,1,True,86.375
RUS,50.0,0 days 00:01:26.874000,HARD,34.0,2.0,,,1,True,86.874
RUS,51.0,0 days 00:01:26.628000,HARD,35.0,2.0,,,1,True,86.628
BOT,1.0,0 days 00:01:34.811000,HARD,4.0,1.0,,,1,False,94.811
BOT,2.0,0 days 00:01:28.032000,HARD,5.0,1.0,,,1,True,88.032
BOT,3.0,0 days 00:01:27.950000,HARD,6.0,1.0,,,1,True,87.95
BOT,4.0,0 days 00:01:27.119000,HARD,7.0,1.0,,,1,True,87.119
BOT,5.0,0 days 00:01:27.575000,HARD,8.0,1.0,,,1,True,87.575
BOT,6.0,0 days 00:01:27.150000,HARD,9.0,1.0,,,1,True,87.15
BOT,7.0,0 days 00:01:27.360000,HARD,10.0,1.0,,,1,True,87.36
BOT,8.0,0 days 00:01:27.227000,HARD,11.0,1.0,,,1,True,87.227
BOT,9.0,0 days 00:01:27.265000,HARD,12.0,1.0,,,1,True,87.265
BOT,10.0,0 days 00:01:27.863000,HARD,13.0,1.0,,,1,True,87.863
BOT,11.0,0 days 00:01:27.693000,HARD,14.0,1.0,,,1,True,87.693
BOT,12.0,0 days 00:01:28.716000,HARD,15.0,1.0,,,1,True,88.716
BOT,13.0,0 days 00:01:28.007000,HARD,16.0,1.0,,,1,True,88.007
BOT,14.0,0 days 00:01:27.991000,HARD,17.0,1.0,,,1,True,87.991
BOT,15.0,0 days 00:01:27.427000,HARD,18.0,1.0,,,1,True,87.427
BOT,16.0,0 days 00:01:27.824000,HARD,19.0,1.0,,,1,True,87.824
BOT,17.0,0 days 00:01:27.470000,HARD,20.0,1.0,,,1,True,87.47
BOT,18.0,0 days 00:01:27.634000,HARD,21.0,1.0,,,1,True,87.634
BOT,19.0,0 days 00:01:27.725000,HARD,22.0,1.0,,,1,True,87.725
BOT,20.0,0 days 00:01:28.438000,HARD,23.0,1.0,,,1,True,88.438
BOT,21.0,0 days 00:01:29.044000,HARD,24.0,1.0,,,1,True,89.044
BOT,22.0,0 days 00:01:28.116000,HARD,25.0,1.0,,,1,True,88.116
BOT,23.0,0 days 00:01:28.123000,HARD,26.0,1.0,,,1,True,88.123
BOT,24.0,0 days 00:01:28.022000,HARD,27.0,1.0,,,1,True,88.022
BOT,25.0,0 days 00:01:32.814000,HARD,28.0,1.0,0 days 01:59:05.467000,,1,False,92.814
BOT,26.0,0 days 00:01:46.575000,MEDIUM,4.0,2.0,,0 days 01:59:30.123000,1,False,106.575
BOT,27.0,0 days 00:01:25.988000,MEDIUM,5.0,2.0,,,1,True,85.988
BOT,28.0,0 days 00:01:26.486000,MEDIUM,6.0,2.0,,,1,True,86.486
BOT,29.0,0 days 00:01:26.201000,MEDIUM,7.0,2.0,,,1,True,86.201
BOT,30.0,0 days 00:01:26.643000,MEDIUM,8.0,2.0,,,1,True,86.643
BOT,31.0,0 days 00:01:26.648000,MEDIUM,9.0,2.0,,,1,True,86.648
BOT,32.0,0 days 00:01:26.606000,MEDIUM,10.0,2.0,,,1,True,86.606
BOT,33.0,0 days 00:01:26.873000,MEDIUM,11.0,2.0,,,1,True,86.873
BOT,34.0,0 days 00:01:26.621000,MEDIUM,12.0,2.0,,,1,True,86.621
BOT,35.0,0 days 00:01:26.523000,MEDIUM,13.0,2.0,,,1,True,86.523
BOT,36.0,0 days 00:01:26.782000,MEDIUM,14.0,2.0,,,1,True,86.782
BOT,37.0,0 days 00:01:26.545000,MEDIUM,15.0,2.0,,,1,True,86.545
BOT,38.0,0 days 00:01:27.093000,MEDIUM,16.0,2.0,,,1,True,87.093
BOT,39.0,0 days 00:01:26.981000,MEDIUM,17.0,2.0,,,1,True,86.981
BOT,40.0,0 days 00:01:27.862000,MEDIUM,18.0,2.0,,,1,True,87.862
BOT,41.0,0 days 00:01:27.203000,MEDIUM,19.0,2.0,,,1,True,87.203
BOT,42.0,0 days 00:01:26.864000,MEDIUM,20.0,2.0,,,1,True,86.864
BOT,43.0,0 days 00:01:27.753000,MEDIUM,21.0,2.0,,,1,True,87.753
BOT,44.0,0 days 00:01:26.962000,MEDIUM,22.0,2.0,,,1,True,86.962
BOT,45.0,0 days 00:01:26.889000,MEDIUM,23.0,2.0,,,1,True,86.889
BOT,46.0,0 days 00:01:26.806000,MEDIUM,24.0,2.0,,,1,True,86.806
BOT,47.0,0 days 00:01:26.736000,MEDIUM,25.0,2.0,,,1,True,86.736
BOT,48.0,0 days 00:01:27.005000,MEDIUM,26.0,2.0,,,1,True,87.005
BOT,49.0,0 days 00:01:27.134000,MEDIUM,27.0,2.0,,,1,True,87.134
BOT,50.0,0 days 00:01:26.950000,MEDIUM,28.0,2.0,,,1,True,86.95
PIA,1.0,0 days 00:01:30.315000,MEDIUM,1.0,1.0,,,1,False,90.315
PIA,2.0,0 days 00:01:28.053000,MEDIUM,2.0,1.0,,,1,True,88.053
PIA,3.0,0 days 00:01:26.982000,MEDIUM,3.0,1.0,,,1,True,86.982
PIA,4.0,0 days 00:01:27.004000,MEDIUM,4.0,1.0,,,1,True,87.004
PIA,5.0,0 days 00:01:26.909000,MEDIUM,5.0,1.0,,,1,True,86.909
PIA,6.0,0 days 00:01:26.878000,MEDIUM,6.0,1.0,,,1,True,86.878
PIA,7.0,0 days 00:01:26.940000,MEDIUM,7.0,1.0,,,1,True,86.94
PIA,8.0,0 days 00:01:26.850000,MEDIUM,8.0,1.0,,,1,True,86.85
PIA,9.0,0 days 00:01:26.864000,MEDIUM,9.0,1.0,,,1,True,86.864
PIA,10.0,0 days 00:01:26.823000,MEDIUM,10.0,1.0,,,1,True,86.823
PIA,11.0,0 days 00:01:27.217000,MEDIUM,11.0,1.0,,,1,True,87.217
PIA,12.0,0 days 00:01:27.454000,MEDIUM,12.0,1.0,,,1,True,87.454
PIA,13.0,0 days 00:01:27.518000,MEDIUM,13.0,1.0,,,1,True,87.518
PIA,14.0,0 days 00:01:27.371000,MEDIUM,14.0,1.0,,,1,True,87.371
PIA,15.0,0 days 00:01:27.738000,MEDIUM,15.0,1.0,,,1,True,87.738
PIA,16.0,0 days 00:01:27.201000,MEDIUM,16.0,1.0,,,1,True,87.201
PIA,17.0,0 days 00:01:27.440000,MEDIUM,17.0,1.0,,,1,True,87.44
PIA,18.0,0 days 00:01:27.398000,MEDIUM,18.0,1.0,,,1,True,87.398
PIA,19.0,0 days 00:01:27.352000,MEDIUM,19.0,1.0,,,1,True,87.352
PIA,20.0,0 days 00:01:27.746000,MEDIUM,20.0,1.0,,,1,True,87.746
PIA,21.0,0 days 00:01:27.587000,MEDIUM,21.0,1.0,,,1,True,87.587
PIA,22.0,0 days 00:01:27.419000,MEDIUM,22.0,1.0,,,1,True,87.419
PIA,23.0,0 days 00:01:31.866000,MEDIUM,23.0,1.0,0 days 01:55:52.969000,,1,False,91.866
PIA,24.0,0 days 00:01:46.854000,HARD,6.0,2.0,,0 days 01:56:17.109000,1,False,106.854
PIA,25.0,0 days 00:01:26.411000,HARD,7.0,2.0,,,1,True,86.411
PIA,26.0,0 days 00:01:26.287000,HARD,8.0,2.0,,,1,True,86.287
PIA,27.0,0 days 00:01:26.248000,HARD,9.0,2.0,,,1,True,86.248
PIA,28.0,0 days 00:01:26.611000,HARD,10.0,2.0,,,1,True,86.611
PIA,29.0,0 days 00:01:26.132000,HARD,11.0,2.0,,,1,True,86.132
PIA,30.0,0 days 00:01:27.074000,HARD,12.0,2.0,,,1,True,87.074
PIA,31.0,0 days 00:01:26.860000,HARD,13.0,2.0,,,1,True,86.86
PIA,32.0,0 days 00:01:26.746000,HARD,14.0,2.0,,,1,True,86.746
PIA,33.0,0 days 00:01:26.445000,HARD,15.0,2.0,,,1,True,86.445
PIA,34.0,0 days 00:01:26.717000,HARD,16.0,2.0,,,1,True,86.717
PIA,35.0,0 days 00:01:26.277000,HARD,17.0,2.0,,,1,True,86.277
PIA,36.0,0 days 00:01:26.639000,HARD,18.0,2.0,,,1,True,86.639
PIA,37.0,0 days 00:01:26.806000,HARD,19.0,2.0,,,1,True,86.806
PIA,38.0,0 days 00:01:27.146000,HARD,20.0,2.0,,,1,True,87.146
PIA,39.0,0 days 00:01:27.166000,HARD,21.0,2.0,,,1,True,87.166
PIA,40.0,0 days 00:01:26.853000,HARD,22.0,2.0,,,1,True,86.853
PIA,41.0,0 days 00:01:34.520000,HARD,23.0,2.0,0 days 02:22:20.779000,,1,False,94.52
PIA,42.0,0 days 00:01:53.593000,MEDIUM,4.0,3.0,,0 days 02:22:52.576000,1,False,113.593
PIA,43.0,0 days 00:01:25.072000,MEDIUM,5.0,3.0,,,1,True,85.072
PIA,44.0,0 days 00:01:25.690000,MEDIUM,6.0,3.0,,,1,True,85.69
PIA,45.0,0 days 00:01:26.139000,MEDIUM,7.0,3.0,,,1,True,86.139
PIA,46.0,0 days 00:01:25.732000,MEDIUM,8.0,3.0,,,1,True,85.732
PIA,47.0,0 days 00:01:26.614000,MEDIUM,9.0,3.0,,,1,True,86.614
PIA,48.0,0 days 00:01:26.067000,MEDIUM,10.0,3.0,,,1,True,86.067
PIA,49.0,0 days 00:01:25.841000,MEDIUM,11.0,3.0,,,1,True,85.841
PIA,50.0,0 days 00:01:25.593000,MEDIUM,12.0,3.0,,,1,True,85.593
